20021114,120,120,112,114,1718091,0
20021115,110,111,105,110,1185944,0
20021118,110,112,110,110,340480,0
20021119,111,111,110,110,429643,0
20021120,111,111,110,110,685297,0
20021121,111,111,110,110,99506,0
20021122,109,110,108,110,126614,0
20021125,110,110,110,110,25441,0
20021126,112,114,112,113,162373,0
20021127,114,114,112,113,103146,0
20021128,112,112,112,112,90915,0
20021129,112,112,112,112,343955,0
20021202,112,112,111,112,130064,0
20021203,112,112,111,112,580611,0
20021204,111,112,111,111,130974,0
20021205,112,112,111,111,279437,0
20021206,111,112,111,111,1949244,0
20021209,111,111,111,111,423650,0
20021210,111,112,111,111,393125,0
20021211,112,114,111,111,422041,0
20021212,111,112,110,111,6895848,0
20021213,112,113,111,112,314773,0
20021216,112,112,110,112,326562,0
20021217,112,112,110,110,165013,0
20021218,111,111,110,110,174229,0
20021219,111,111,110,110,321888,0
20021220,111,111,110,111,131870,0
20021223,110,111,110,111,166005,0
20021224,110,110,110,110,8594,0
20021225,110,110,110,110,0,0
20021226,110,110,110,110,0,0
20021227,111,111,111,111,28300,0
20021230,111,111,110,110,140069,0
20021231,110,111,110,111,13450,0
20030101,111,111,111,111,0,0
20030102,111,111,110,110,57030,0
20030103,111,111,108,108,380052,0
20030106,110,110,108,108,73749,0
20030107,110,110,109,109,70803,0
20030108,110,112,110,112,173896,0
20030109,111,111,110,111,74910,0
20030110,111,111,110,111,78628,0
20030113,110,112,109,112,586647,0
20030114,112,112,110,110,54175,0
20030115,111,111,111,111,153552,0
20030116,111,112,111,111,133946,0
20030117,111,111,110,110,139619,0
20030120,110,111,110,111,154939,0
20030121,111,111,110,111,148932,0
20030122,110,111,110,110,248244,0
20030123,111,111,110,110,340465,0
20030124,110,111,110,111,133939,0
20030127,111,111,111,111,0,0
20030128,111,111,111,111,130383,0
20030129,111,112,111,112,291783,0
20030130,111,112,111,112,159331,0
20030131,113,113,111,111,177878,0
20030203,111,112,111,111,202057,0
20030204,111,112,111,111,240792,0
20030205,110,112,110,112,298787,0
20030206,111,112,111,112,64636,0
20030207,112,112,110,110,291260,0
20030210,111,111,110,111,134449,0
20030211,111,111,110,111,41532,0
20030212,110,112,110,112,48876,0
20030213,112,112,111,112,180029,0
20030214,111,112,111,112,222585,0
20030217,112,112,110,110,57319,0
20030218,111,112,111,112,175574,0
20030219,112,112,111,111,63692,0
20030220,111,112,111,112,65621,0
20030221,112,112,111,112,105971,0
20030224,111,113,111,112,127704,0
20030225,112,112,111,112,85172,0
20030226,112,112,112,112,88157,0
20030227,113,114,113,113,62504,0
20030228,114,115,113,113,115646,0
20030303,113,115,113,115,64425,0
20030304,113,113,112,112,240455,0
20030305,112,114,112,113,93063,0
20030306,113,113,113,113,328851,0
20030307,114,114,113,114,120473,0
20030310,114,114,113,113,194760,0
20030311,114,114,112,112,180571,0
20030312,113,115,113,115,180832,0
20030313,115,115,113,113,64002,0
20030314,113,115,113,113,97048,0
20030317,114,114,113,113,225628,0
20030318,115,115,113,113,76353,0
20030319,114,115,114,114,1165509,0
20030320,114,115,114,114,182170,0
20030321,115,115,114,115,321500,0
20030324,115,116,115,115,145335,0
20030325,113,115,113,115,292610,0
20030326,117,118,115,118,77054,0
20030327,117,118,116,117,80706,0
20030328,119,119,116,117,179715,0
20030331,118,118,117,117,34430,0
20030401,117,117,115,115,218345,0
20030402,116,116,115,115,207066,0
20030403,117,117,115,116,227545,0
20030404,116,117,116,116,67478,0
20030407,116,117,116,116,188496,0
20030408,117,117,116,116,48332,0
20030409,117,117,116,117,181699,0
20030410,116,117,116,116,124838,0
20030411,116,117,116,116,77967,0
20030414,117,117,116,116,100743,0
20030415,116,116,115,116,84360,0
20030416,116,117,116,116,151077,0
20030417,115,117,115,116,130894,0
20030418,116,116,116,116,0,0
20030421,116,116,116,116,0,0
20030422,116,116,116,116,7989,0
20030423,116,116,116,116,65737,0
20030424,116,117,116,117,84494,0
20030425,117,117,117,117,0,0
20030428,117,117,116,116,62485,0
20030429,116,117,116,117,121555,0
20030430,117,117,116,116,263602,0
20030501,116,117,116,117,95960,0
20030502,117,117,116,116,63257,0
20030505,116,117,116,116,107540,0
20030506,116,117,116,117,77004,0
20030507,116,117,116,116,82815,0
20030508,117,118,116,116,101243,0
20030509,116,118,116,118,89006,0
20030512,118,118,117,117,41180,0
20030513,117,119,117,118,179369,0
20030514,119,119,118,118,47146,0
20030515,118,119,118,119,90429,0
20030516,119,119,118,118,31820,0
20030519,119,120,118,118,283171,0
20030520,119,119,118,119,73785,0
20030521,119,120,118,119,99171,0
20030522,119,120,119,119,99836,0
20030523,119,120,118,118,168932,0
20030526,119,119,118,119,115785,0
20030527,118,120,118,119,173716,0
20030528,119,120,119,120,58005,0
20030529,120,121,120,120,79906,0
20030530,120,121,120,120,2347145,0
20030602,122,125,121,121,134103,0
20030603,121,123,121,121,319614,0
20030604,121,121,121,121,17960,0
20030605,121,123,121,122,79179,0
20030606,121,121,120,121,43946,0
20030609,121,121,121,121,0,0
20030610,120,121,120,120,53002,0
20030611,120,120,119,120,778402,0
20030612,120,121,120,121,67242,0
20030613,121,121,121,121,22987,0
20030616,122,122,120,120,48484,0
20030617,120,121,120,120,93500,0
20030618,120,121,120,121,266580,0
20030619,121,122,120,120,84816,0
20030620,120,122,120,120,329330,0
20030623,120,121,120,121,14521,0
20030624,120,120,120,120,66785,0
20030625,120,122,120,122,88556,0
20030626,121,121,121,121,70751,0
20030627,120,121,120,120,95403,0
20030630,120,122,120,122,267688,0
20030701,122,122,120,120,206556,0
20030702,120,122,120,122,129428,0
20030703,120,122,120,121,38807,0
20030704,121,122,121,121,24572,0
20030707,121,122,121,122,30425,0
20030708,124,124,121,121,46013,0
20030709,121,124,121,124,19798,0
20030710,122,124,121,121,73711,0
20030711,121,122,120,122,645213,0
20030714,121,122,121,121,51821,0
20030715,122,122,120,121,143075,0
20030716,120,121,120,121,188876,0
20030717,121,122,121,121,156533,0
20030718,121,122,121,121,125868,0
20030721,121,122,120,120,122856,0
20030722,122,122,120,122,19974,0
20030723,121,121,118,120,150260,0
20030724,120,121,120,121,57559,0
20030725,120,120,120,120,68564,0
20030728,120,120,120,120,60498,0
20030729,120,121,119,119,548610,0
20030730,120,121,119,120,526086,0
20030731,120,121,120,121,76165,0
20030801,121,121,120,120,364247,0
20030804,122,122,120,120,106424,0
20030805,121,121,120,120,157226,0
20030806,120,120,120,120,37881,0
20030807,120,120,120,120,234789,0
20030808,121,121,121,121,42265,0
20030811,121,121,120,120,118443,0
20030812,121,121,120,120,131288,0
20030813,120,122,120,120,346263,0
20030814,120,122,119,119,157735,0
20030815,119,119,119,119,59288,0
20030818,119,119,118,118,234827,0
20030819,119,119,118,118,170648,0
20030820,118,119,118,119,235540,0
20030821,118,119,118,119,188727,0
20030822,119,119,118,119,103639,0
20030825,120,120,119,119,129150,0
20030826,119,120,119,120,152119,0
20030827,119,119,119,119,103020,0
20030828,118,119,118,118,64129,0
20030829,118,120,118,120,131952,0
20030901,119,119,118,118,36443,0
20030902,118,119,118,119,37441,0
20030903,118,118,118,118,37014,0
20030904,119,119,118,119,163306,0
20030905,118,119,118,118,189191,0
20030908,118,118,118,118,75939,0
20030909,118,119,118,119,26178,0
20030910,118,119,118,119,84114,0
20030911,119,119,118,118,14896,0
20030912,118,119,118,119,174759,0
20030915,119,120,119,120,98493,0
20030916,119,119,119,119,84873,0
20030917,119,119,119,119,60131,0
20030918,119,121,119,121,248343,0
20030919,120,120,119,119,339875,0
20030922,120,120,119,120,171440,0
20030923,120,121,120,121,328612,0
20030924,120,121,118,119,523856,0
20030925,119,119,118,118,105615,0
20030926,118,119,118,118,127105,0
20030929,118,119,118,118,97350,0
20030930,118,119,118,118,134823,0
20031001,118,118,118,118,77064,0
20031002,118,119,118,118,64114,0
20031003,118,119,118,119,143193,0
20031006,119,119,119,119,10082,0
20031007,118,119,118,118,94589,0
20031008,119,119,117,117,594488,0
20031009,118,119,117,118,126259,0
20031010,117,119,116,118,191075,0
20031013,118,118,117,117,90831,0
20031014,117,117,116,117,167313,0
20031015,116,117,116,117,16834,0
20031016,117,118,117,117,411655,0
20031017,117,117,116,117,246964,0
20031020,117,118,117,118,187634,0
20031021,117,117,117,117,104947,0
20031022,117,117,116,116,71757,0
20031023,116,117,116,116,169736,0
20031024,116,117,116,117,140467,0
20031027,117,117,116,116,198419,0
20031028,116,116,115,115,262720,0
20031029,115,115,115,115,70544,0
20031030,115,116,115,116,67973,0
20031031,116,117,116,117,177883,0
20031103,116,117,116,116,121640,0
20031104,116,116,116,116,39703,0
20031105,116,116,115,115,111321,0
20031106,115,115,115,115,86421,0
20031107,115,116,113,115,199508,0
20031110,114,114,112,113,59020,0
20031111,112,113,112,112,105982,0
20031112,112,114,112,114,69579,0
20031113,115,115,113,113,34488,0
20031114,113,114,112,112,195504,0
20031117,112,115,112,112,57548,0
20031118,112,114,112,114,60874,0
20031119,114,114,113,114,66015,0
20031120,113,113,112,113,1620044,0
20031121,113,114,113,113,188847,0
20031124,114,114,113,113,140696,0
20031125,114,114,113,114,72794,0
20031126,114,115,114,115,117305,0
20031127,115,115,114,114,279763,0
20031128,115,115,114,114,117635,0
20031201,114,115,114,114,27343,0
20031202,115,115,114,115,164345,0
20031203,115,115,114,114,47365,0
20031204,116,116,114,114,619895,0
20031205,114,115,114,115,648720,0
20031208,115,115,114,114,252978,0
20031209,115,116,114,116,91953,0
20031210,116,117,115,117,51281,0
20031211,117,117,115,115,12697,0
20031212,115,117,115,117,11315,0
20031215,117,117,115,115,98637,0
20031216,115,117,115,115,123168,0
20031217,117,117,115,115,53264,0
20031218,117,117,115,116,233411,0
20031219,116,116,114,114,159277,0
20031222,115,116,115,115,81540,0
20031223,114,114,112,114,146245,0
20031224,112,115,112,114,84949,0
20031225,114,114,114,114,0,0
20031226,114,114,114,114,0,0
20031229,114,115,114,114,133450,0
20031230,114,114,114,114,0,0
20031231,115,115,115,115,810,0
20040101,115,115,115,115,0,0
20040102,115,115,112,112,46552,0
20040105,113,113,112,112,34017,0
20040106,113,113,112,112,54439,0
20040107,114,114,114,114,9584,0
20040108,115,118,113,115,138860,0
20040109,116,117,116,117,2063589,0
20040112,118,120,117,118,76223,0
20040113,118,118,116,116,71778,0
20040114,117,117,116,116,72036,0
20040115,117,117,115,115,85921,0
20040116,115,116,114,114,50669,0
20040119,116,116,114,114,84201,0
20040120,114,115,114,115,56664,0
20040121,115,115,114,114,118883,0
20040122,115,116,114,115,100018,0
20040123,116,116,114,115,755315,0
20040126,115,115,115,115,0,0
20040127,115,118,115,116,51905,0
20040128,116,118,116,118,17296,0
20040129,118,120,115,115,57350,0
20040130,115,116,115,115,1581667,0
20040202,116,117,115,117,32000,0
20040203,116,117,116,116,89996,0
20040204,116,117,116,117,1535076,0
20040205,117,117,116,117,80776,0
20040206,116,118,116,118,114200,0
20040209,118,118,117,118,63309,0
20040210,118,118,117,118,37820,0
20040211,117,118,116,116,48961,0
20040212,117,117,115,116,744516,0
20040213,116,116,115,115,211458,0
20040216,116,116,115,116,89373,0
20040217,116,116,115,115,1701898,0
20040218,116,116,115,115,167031,0
20040219,117,117,115,115,149810,0
20040220,115,116,115,116,164425,0
20040223,116,117,116,116,87050,0
20040224,116,116,115,115,109838,0
20040225,116,117,115,116,139374,0
20040226,116,116,115,115,65008,0
20040227,116,117,116,116,68901,0
20040301,116,117,116,116,254184,0
20040302,117,117,116,117,166420,0
20040303,117,117,116,117,500126,0
20040304,117,117,117,117,93500,0
20040305,117,118,117,118,1969571,0
20040308,118,120,118,118,124263,0
20040309,120,123,119,119,115603,0
20040310,119,121,119,120,193148,0
20040311,119,120,119,119,1144545,0
20040312,120,121,119,119,125161,0
20040315,120,120,118,118,80853,0
20040316,119,119,118,119,140253,0
20040317,119,119,118,119,619450,0
20040318,119,119,118,118,52580,0
20040319,118,118,118,118,17457,0
20040322,118,119,118,119,100618,0
20040323,118,119,118,119,587453,0
20040324,119,119,118,118,372483,0
20040325,117,117,116,116,144500,0
20040326,117,117,116,116,102216,0
20040329,117,117,116,116,276111,0
20040330,117,117,116,117,164408,0
20040331,117,118,116,116,543216,0
20040401,117,117,116,117,49010,0
20040402,117,117,116,116,71708,0
20040405,116,117,115,116,978181,0
20040406,117,117,115,116,194001,0
20040407,117,117,115,115,106313,0
20040408,116,116,116,116,24720,0
20040409,116,116,116,116,0,0
20040412,116,116,116,116,0,0
20040413,117,117,116,116,107357,0
20040414,116,116,116,116,160100,0
20040415,116,117,116,116,717927,0
20040416,116,117,115,115,322240,0
20040419,116,116,115,116,43206,0
20040420,116,116,116,116,58665,0
20040421,115,116,115,116,63085,0
20040422,116,116,115,116,184130,0
20040423,116,116,115,115,312097,0
20040426,115,115,114,114,56905,0
20040427,116,116,114,116,107182,0
20040428,114,116,114,115,225261,0
20040429,115,115,114,115,123448,0
20040430,116,116,116,116,16400,0
20040503,115,115,114,114,174409,0
20040504,115,115,113,113,379669,0
20040505,113,114,112,114,463909,0
20040506,113,114,113,113,96102,0
20040507,113,114,112,113,193754,0
20040510,112,113,112,112,151349,0
20040511,112,113,110,113,85220,0
20040512,114,115,114,115,57362,0
20040513,115,116,114,114,120265,0
20040514,114,115,113,114,115080,0
20040517,114,114,112,113,100069,0
20040518,113,114,112,114,126797,0
20040519,113,114,113,114,120467,0
20040520,115,115,114,114,129590,0
20040521,115,115,115,115,577697,0
20040524,115,117,115,115,85751,0
20040525,115,115,113,114,118758,0
20040526,115,117,115,117,55249,0
20040527,115,117,115,116,113088,0
20040528,116,117,116,116,301536,0
20040531,116,117,116,116,105767,0
20040601,116,116,116,116,266104,0
20040602,116,117,116,117,172587,0
20040603,117,117,116,117,87655,0
20040604,117,117,116,116,157394,0
20040607,116,116,116,116,9300,0
20040608,117,117,115,117,117390,0
20040609,117,117,116,116,54431,0
20040610,117,117,116,116,75255,0
20040611,116,117,116,116,109896,0
20040614,116,116,116,116,0,0
20040615,116,116,115,115,49340,0
20040616,117,117,116,116,51898,0
20040617,116,117,116,116,182515,0
20040618,116,117,116,116,98662,0
20040621,116,117,116,117,72140,0
20040622,116,117,116,117,326500,0
20040623,118,118,116,117,118354,0
20040624,115,116,115,115,82787,0
20040625,115,117,114,117,448214,0
20040628,118,118,115,118,129612,0
20040629,118,118,115,115,102814,0
20040630,117,120,115,117,66874,0
20040701,119,119,117,119,55474,0
20040702,120,121,120,120,101317,0
20040705,120,120,118,120,146128,0
20040706,120,120,117,117,42631,0
20040707,118,120,117,117,214510,0
20040708,118,119,117,117,158160,0
20040709,118,118,117,118,126655,0
20040712,120,121,120,121,122517,0
20040713,121,121,119,119,109823,0
20040714,120,120,118,118,69677,0
20040715,118,120,118,118,52477,0
20040716,118,120,118,120,74290,0
20040719,120,122,120,122,36115,0
20040720,119,122,118,122,117673,0
20040721,123,123,120,121,30025,0
20040722,121,123,121,122,42418,0
20040723,121,122,121,122,47296,0
20040726,122,123,122,122,149273,0
20040727,122,123,121,121,79106,0
20040728,121,121,121,121,1013762,0
20040729,122,124,121,124,81334,0
20040730,123,129,123,124,31741,0
20040802,124,124,124,124,0,0
20040803,124,124,124,124,0,0
20040804,125,126,122,122,87179,0
20040805,124,124,121,123,127659,0
20040806,124,124,123,123,70721,0
20040809,123,123,122,123,192490,0
20040810,122,122,121,121,128733,0
20040811,122,122,118,118,850459,0
20040812,120,121,118,118,416555,0
20040813,118,120,118,119,155899,0
20040816,119,119,118,119,106484,0
20040817,119,119,119,119,541972,0
20040818,120,120,119,120,123819,0
20040819,120,120,119,120,114235,0
20040820,120,120,119,119,152705,0
20040823,120,121,119,119,154715,0
20040824,120,121,119,121,163851,0
20040825,121,121,120,121,601445,0
20040826,120,121,120,120,971715,0
20040827,120,121,119,120,286044,0
20040830,120,121,120,121,79745,0
20040831,120,121,120,121,298377,0
20040901,122,122,121,121,124910,0
20040902,121,122,121,122,100570,0
20040903,122,122,121,122,266201,0
20040906,121,122,121,121,143726,0
20040907,121,122,121,121,337550,0
20040908,121,122,121,122,360191,0
20040909,122,123,121,122,98777,0
20040910,123,123,122,122,100325,0
20040913,123,124,123,124,74675,0
20040914,124,124,123,123,104988,0
20040915,124,124,123,124,79064,0
20040916,124,124,123,124,99696,0
20040917,124,126,123,123,96516,0
20040920,125,125,123,124,32894,0
20040921,124,124,123,124,74867,0
20040922,124,124,123,123,68207,0
20040923,124,126,124,126,167584,0
20040924,123,125,123,124,115764,0
20040927,125,125,123,124,78247,0
20040928,124,125,124,125,106447,0
20040929,125,126,124,124,1424011,0
20040930,126,126,125,125,10301,0
20041001,124,124,124,124,97999,0
20041004,124,124,124,124,17500,0
20041005,124,124,123,124,165387,0
20041006,123,123,122,123,474533,0
20041007,124,126,124,126,1178456,0
20041008,126,127,125,125,56953,0
20041011,126,128,124,128,89279,0
20041012,127,128,125,126,87805,0
20041013,130,135,127,129,30108,0
20041014,129,134,129,130,112315,0
20041015,130,132,127,128,110101,0
20041018,129,129,127,128,141016,0
20041019,128,129,127,128,86610,0
20041020,128,131,128,130,55897,0
20041021,131,131,127,127,117840,0
20041022,127,130,127,129,27937,0
20041025,130,131,129,129,50394,0
20041026,129,129,128,128,85240,0
20041027,129,131,128,129,84668,0
20041028,129,132,128,132,132201,0
20041029,130,130,130,130,4694,0
20041101,129,133,129,130,70040,0
20041102,130,130,129,129,55893,0
20041103,132,132,130,130,1042965,0
20041104,130,132,130,132,42745,0
20041105,131,133,130,130,57207,0
20041108,130,132,130,132,47548,0
20041109,133,135,131,131,163935,0
20041110,135,135,131,132,73669,0
20041111,133,133,132,132,73597,0
20041112,134,134,131,131,45150,0
20041115,135,136,133,133,128095,0
20041116,133,134,132,133,246190,0
20041117,133,133,130,131,298248,0
20041118,131,135,130,133,138185,0
20041119,133,135,132,132,53272,0
20041122,132,132,131,131,69973,0
20041123,131,132,131,132,53101,0
20041124,131,133,131,133,85700,0
20041125,133,134,132,132,48328,0
20041126,132,132,131,132,41765,0
20041129,131,131,130,130,411021,0
20041130,130,131,130,131,25386,0
20041201,131,132,129,130,160479,0
20041202,129,132,129,132,183121,0
20041203,130,130,129,129,264300,0
20041206,130,130,127,128,222656,0
20041207,128,128,127,128,116542,0
20041208,129,129,128,129,82270,0
20041209,128,130,128,128,300072,0
20041210,129,130,128,130,497948,0
20041213,130,130,129,130,62170,0
20041214,130,130,130,130,0,0
20041215,130,130,130,130,0,0
20041216,128,129,127,129,461582,0
20041217,129,133,129,133,168800,0
20041220,133,133,130,133,1250933,0
20041221,133,134,132,132,509837,0
20041222,132,133,131,132,207344,0
20041223,132,134,132,134,211386,0
20041224,135,137,134,134,107638,0
20041227,134,134,134,134,0,0
20041228,134,134,134,134,0,0
20041229,134,141,134,141,570052,0
20041230,140,140,140,140,1000,0
20041231,139,140,139,140,39800,0
20050103,140,140,140,140,0,0
20050104,139,139,136,139,122759,0
20050105,139,140,138,139,189970,0
20050106,138,138,136,137,103367,0
20050107,137,140,136,139,107406,0
20050110,140,140,139,139,836883,0
20050111,139,145,138,140,460562,0
20050112,142,144,140,140,80597,0
20050113,140,143,140,140,164014,0
20050114,140,140,139,139,135133,0
20050117,139,140,139,140,129841,0
20050118,140,140,138,139,113267,0
20050119,139,140,138,139,250680,0
20050120,140,140,137,137,166213,0
20050121,138,139,138,138,54287,0
20050124,138,139,138,139,69604,0
20050125,138,139,138,139,177629,0
20050126,139,139,139,139,0,0
20050127,139,141,138,141,87585,0
20050128,141,144,138,144,231203,0
20050131,143,148,143,147,117561,0
20050201,147,150,146,146,787510,0
20050202,146,148,144,147,60584,0
20050203,148,148,141,144,106090,0
20050204,144,145,144,145,136314,0
20050207,146,147,144,144,88467,0
20050208,146,146,139,140,118707,0
20050209,140,146,140,145,769200,0
20050210,141,144,140,140,64160,0
20050211,141,145,139,145,106727,0
20050214,142,144,142,142,128026,0
20050215,140,142,140,142,103578,0
20050216,142,142,140,141,210544,0
20050217,141,142,140,140,75071,0
20050218,140,141,140,141,104852,0
20050221,140,140,139,140,88399,0
20050222,140,140,138,138,101467,0
20050223,138,139,137,137,59972,0
20050224,137,137,132,133,129861,0
20050225,134,136,134,134,94671,0
20050228,135,137,135,137,102876,0
20050301,138,138,136,136,98405,0
20050302,137,137,134,137,108314,0
20050303,137,137,135,136,84622,0
20050304,138,140,138,138,240475,0
20050307,138,138,138,138,28300,0
20050308,140,140,138,139,109222,0
20050309,139,140,138,138,64177,0
20050310,138,138,138,138,0,0
20050311,140,140,136,136,480424,0
20050314,136,137,136,136,114891,0
20050315,138,138,135,135,131919,0
20050316,134,136,134,135,349607,0
20050317,135,139,135,137,73418,0
20050318,137,138,134,135,107380,0
20050321,136,137,135,136,674951,0
20050322,136,137,136,136,71578,0
20050323,134,137,133,136,117337,0
20050324,136,138,136,137,100057,0
20050325,137,137,137,137,0,0
20050328,137,137,137,137,0,0
20050329,136,136,134,135,124739,0
20050330,136,136,134,135,453350,0
20050331,135,135,134,135,105660,0
20050401,134.5,136,134.5,135,90651,0
20050404,134,134.5,130,134.5,1261086,0
20050405,131,133,131,132.5,45265,0
20050406,132,133,132,132,128946,0
20050407,134,138,134,135,86144,0
20050408,133,136,133,135,61528,0
20050411,135,136,134,135,34652,0
20050412,134.5,135,134,134.5,228807,0
20050413,134.5,135,134,135,230841,0
20050414,134,135,134,134,121160,0
20050415,134,134,133,133.5,239907,0
20050418,133.5,134,133,134,192703,0
20050419,133.5,134,133,133,205890,0
20050420,133,133.5,132,132,220837,0
20050421,131.5,133,131,133,189794,0
20050422,132,133,132,132,305515,0
20050425,132,132,132,132,0,0
20050426,133,133,131,132.5,107005,0
20050427,133,134,133,134,109647,0
20050428,133,135,133,134,785509,0
20050429,133,134.5,132.5,134,160035,0
20050502,134,134,131,131,48910,0
20050503,132,133.5,131.5,133.5,48563,0
20050504,132,133,132,133,74410,0
20050505,133,133,132,133,1199586,0
20050506,133,134,132.5,134,615093,0
20050509,133.5,134,133,133,851507,0
20050510,133,134,133,134,91184,0
20050511,133,134.5,133,134,146088,0
20050512,134,134.5,134,134,624273,0
20050513,133,134.5,133,134.5,260595,0
20050516,134,134,132.5,132.5,1655824,0
20050517,133,133.5,133,133.5,144011,0
20050518,133.5,133.5,133,133.5,794525,0
20050519,133,133.5,133,133,152693,0
20050520,133,133,131,131,205146,0
20050523,131.5,132.5,131.5,132.5,71140,0
20050524,131.5,132,131.5,131.5,1017997,0
20050525,131.5,132,131.5,131.5,128567,0
20050526,131.5,132,131,131,783626,0
20050527,131,132,131,132,216506,0
20050530,132,132,130,131,4490368,0
20050531,131,131,129.5,129.5,2401309,0
20050601,129,131.5,127,131,333584,0
20050602,132,132,130.5,130.5,91707,0
20050603,130.5,133,130.5,133,92865,0
20050606,133,133.5,132.5,133.5,117590,0
20050607,134,135,133,135,829427,0
20050608,134,135.5,133.5,135.5,246674,0
20050609,135,135.5,134,135,729545,0
20050610,134,135,133.5,135,318301,0
20050613,135,135,135,135,0,0
20050614,135,135,133.5,135,78483,0
20050615,135,135,134,135,575973,0
20050616,135,135,134,135,168124,0
20050617,134.5,135,134,134.5,180587,0
20050620,134.5,134.5,134,134.5,90336,0
20050621,134.5,135,134,134.5,157456,0
20050622,134.5,134.5,134.5,134.5,0,0
20050623,134.5,134.5,134.5,134.5,0,0
20050624,132,134.5,130,134.5,238485,0
20050627,134.5,135,133,133,123864,0
20050628,134,135,133,135,172367,0
20050629,135,136,134.5,136,309316,0
20050630,137,137,135,136,217226,0
20050701,135.5,136,135,136,149544,0
20050704,136,137,136,136,206432,0
20050705,136,140,136,139,90426,0
20050706,136,136.5,134.5,134.5,309806,0
20050707,135,135,134,134,159436,0
20050708,133,134.5,133,134,687586,0
20050711,134.5,137.5,134.5,134.5,392232,0
20050712,135,136.5,133.5,135,244361,0
20050713,135,137,135,136.5,105117,0
20050714,136.5,137,136.5,136.5,349023,0
20050715,136,137,136,137,97598,0
20050718,136,136.5,136,136,207400,0
20050719,136,137.5,136,136,245391,0
20050720,137,137,136,136,198277,0
20050721,137.5,137.5,135,135,338212,0
20050722,135,136.5,134,136,102430,0
20050725,136,136.5,135,135,138011,0
20050726,136,136.5,134.5,135,274872,0
20050727,135,135,134,134,241972,0
20050728,134.5,134.5,133,133,659128,0
20050729,133.5,135,133,135,514732,0
20050801,135,135,133,134,72743,0
20050802,134,135,134,134.5,67271,0
20050803,134.5,134.5,133,133.5,246269,0
20050804,133.5,134,133,133.5,204257,0
20050805,134,134,133,133.5,177192,0
20050808,133.5,133.5,133,133.5,1182282,0
20050809,134,135,133,135,200589,0
20050810,135,136,134,136,105416,0
20050811,136,136,133.5,133.5,1051270,0
20050812,134,136,134,136,1691135,0
20050815,134.5,135,134.5,134.5,30092,0
20050816,134.5,135,134,134,381663,0
20050817,134.5,136,134.5,136,189541,0
20050818,136,136,135,135,66193,0
20050819,134.5,136.5,134.5,136.5,227053,0
20050822,137,137,135.5,135.5,249121,0
20050823,135.5,138,135,138,124604,0
20050824,136,138.5,136,138,1525647,0
20050825,138.5,139,137,138.5,374001,0
20050826,138.5,138.5,137,137.5,194270,0
20050829,137,138.5,137,137,333759,0
20050830,138,139,137,138,114477,0
20050831,138.5,140,138,140,159266,0
20050901,139,140,138.5,139,232989,0
20050902,139,139,138,138.5,1115593,0
20050905,138,138.5,138,138,177036,0
20050906,138,138.5,137,138,95728,0
20050907,138,139,137,137,235848,0
20050908,138,139.5,137,137,167793,0
20050909,137.5,140,137,137,84686,0
20050912,138,140,137.5,140,145407,0
20050913,144,145,137.5,137.5,203015,0
20050914,138,138,136.5,137.5,161666,0
20050915,137.5,137.5,137,137,108892,0
20050916,137.5,141,137.5,140,73051,0
20050919,139.5,140.5,138.5,140.5,232289,0
20050920,140.5,141,139.5,141,344007,0
20050921,140,142.5,140,140,481436,0
20050922,140,140,139.5,140,204760,0
20050923,140,141,139.5,140.5,51033,0
20050926,140,143,140,140,135937,0
20050927,140,144,140,140,515367,0
20050928,140,140.5,139,140,374219,0
20050929,140,140,138.5,140,184470,0
20050930,139.5,140,139,139,138182,0
20051003,139,139.5,139,139.5,7500,0
20051004,139.5,140,139,139,258525,0
20051005,139,140,139,140,666170,0
20051006,139.5,140,139,140,137346,0
20051007,140,140,139,140,133739,0
20051010,139.5,145,139.5,140,295759,0
20051011,139.5,139.5,139,139,113272,0
20051012,139,142,139,139,2114296,0
20051013,139,142,139,141,55835,0
20051014,139.5,141.5,138.5,141,738021,0
20051017,140.5,140.5,138.5,138.5,308854,0
20051018,140,140.5,139,139.5,104450,0
20051019,139.5,140,139,139.5,121445,0
20051020,140,140,138.5,138.5,125810,0
20051021,139,139,138.5,138.5,250600,0
20051024,139,139,138.5,138.5,74362,0
20051025,139,141,139,139.5,152370,0
20051026,140,141,139.5,141,150842,0
20051027,140.5,142,140,141,116000,0
20051028,141,141,139,141,173521,0
20051031,140,141,140,140,91990,0
20051101,140,141,140,140,99597,0
20051102,140,142,140,142,53828,0
20051103,141,142,140,142,366310,0
20051104,141,144,141,142.5,101475,0
20051107,143,143,142,143,75287,0
20051108,142,142,141.5,141.5,36578,0
20051109,141.5,142,139.5,140,441781,0
20051110,140,140,139,139,86200,0
20051111,141,141,139.5,140,163139,0
20051114,141,141,139.5,140,428427,0
20051115,140,141,139.5,139.5,311351,0
20051116,139.5,141,139,141,152285,0
20051117,142,142,140,141,285463,0
20051118,141,141,139.5,141,138898,0
20051121,139.5,140,139.5,140,113888,0
20051122,139.5,139.5,139,139,364830,0
20051123,138,138.5,137,138,2873161,0
20051124,137.5,138.5,137.5,138,618043,0
20051125,138,138,137.5,138,150871,0
20051128,138,138,137.5,138,558009,0
20051129,138,138,137.5,137.5,896039,0
20051130,139,139,138,139,210523,0
20051201,139,139,138.5,138.5,245261,0
20051202,139,140,138,139,2926924,0
20051205,139,140,139,139,241057,0
20051206,139.5,140,139,140,1250805,0
20051207,140,141,140,140.5,118736,0
20051208,140.5,140.5,139.5,140,352829,0
20051209,139.5,142,139.5,141,225964,0
20051212,141.5,142,140,141,221167,0
20051213,141,143,141,141,281917,0
20051214,143.5,144,141.5,143.5,111876,0
20051215,143.5,145,143,145,103129,0
20051216,146,146.5,143.5,144,56985,0
20051219,144,144,143,144,394901,0
20051220,145,148,144.5,148,130565,0
20051221,147,148.5,146,146.5,86642,0
20051222,144,144,142.5,143,188895,0
20051223,143,144,143,144,35295,0
20051226,144,144,144,144,0,0
20051227,144,144,144,144,0,0
20051228,144.5,145,144,144,124201,0
20051229,144,144,144,144,64850,0
20051230,143.5,144,143,143,115562,0
20060102,143,143,143,143,0,0
20060103,145,148,145,145.5,102884,0
20060104,145,145,144,144,181938,0
20060105,144.5,144.5,144,144.5,63670,0
20060106,144.5,145,143.5,144.5,100753,0
20060109,145,145,144,145,1307914,0
20060110,145,145.5,143.5,145,199145,0
20060111,145,145,144,145,120557,0
20060112,145,145,144,144.5,328975,0
20060113,144.5,145,144,145,834602,0
20060116,144,144.5,144,144,1485681,0
20060117,144,144,142.5,144,167194,0
20060118,144,144,143,143,43500,0
20060119,143,144,143,143,73799,0
20060120,143,144,143,143.5,117772,0
20060123,143.5,144,143.5,144,646118,0
20060124,144,144.5,143.5,144.5,671857,0
20060125,145,145,143,143,94751,0
20060126,143,143,143,143,0,0
20060127,143,143.5,143,143.5,144362,0
20060130,143,144,143,143.5,1195200,0
20060131,143,144,142.5,142.5,1053098,0
20060201,142.5,144,142.5,143,180703,0
20060202,143,143.5,142.5,142.5,207834,0
20060203,142.5,144,142,143,265250,0
20060206,143.5,143.5,142.5,142.5,53385,0
20060207,143.5,143.5,143,143.5,87148,0
20060208,143.5,145,143,145,158833,0
20060209,145,146,144,146,189797,0
20060210,146,146,143,144.5,306037,0
20060213,144.5,145.5,144.5,144.5,238200,0
20060214,144.5,146,144,145,62039,0
20060215,146,146,144.5,146,108065,0
20060216,144,146,144,145,145762,0
20060217,145,145,145,145,0,0
20060220,145,145,145,145,0,0
20060221,142,144,142,143,3989547,0
20060222,144,144,142.5,142.5,284457,0
20060223,143.5,144,143,143,293688,0
20060224,143.5,144.5,143,144,710720,0
20060227,143.5,144,143.5,144,258738,0
20060228,144,145.5,143.5,144,459607,0
20060301,145,145,143.5,144,378705,0
20060302,144,146.5,143.5,146,1992208,0
20060303,146,146.5,144,145,189657,0
20060306,144.5,145,144.5,144.5,1045139,0
20060307,145,147,144.5,146,956621,0
20060308,146,147,145,146.5,149120,0
20060309,146.5,148,146.5,148,221093,0
20060310,148,148,146,147,140526,0
20060313,146.5,148,146.5,146.5,140012,0
20060314,147,149,147,149,208948,0
20060315,150,151,150,151,447606,0
20060316,150.5,150.5,149,149.5,249816,0
20060317,149,152,149,152,210774,0
20060320,148,150,148,150,29223,0
20060321,150,151,150,150,65148,0
20060322,150,151,148,150,238900,0
20060323,150,150,148,148,734485,0
20060324,148,150,147.5,148,81581,0
20060327,150,150,148,150,105479,0
20060328,150,150,147.5,149.5,185764,0
20060329,148,149.5,148,149.5,102289,0
20060330,149.5,149.5,146,146,276519,0
20060331,147,149.5,145.5,146,780786,0
20060403,145,147,145,147,725719,0
20060404,145.5,147,145,146,747912,0
20060405,146.5,150,146.5,150,436910,0
20060406,148,150,148,149.5,394666,0
20060407,149,150,148,150,418711,0
20060410,149,150,147.5,147.5,339061,0
20060411,147.5,148.5,147.5,147.5,338873,0
20060412,148,150,147.5,150,651074,0
20060413,150,150,147,149,404687,0
20060414,149,149,149,149,0,0
20060417,149,149,149,149,0,0
20060418,148,148,146.5,147.5,525211,0
20060419,146.5,147,145,145,781742,0
20060420,145.5,148,145,147,344598,0
20060421,147,149.5,145,147,734224,0
20060424,147.5,150,147.5,149.5,5636617,0
20060425,149.5,149.5,149.5,149.5,0,0
20060426,149.5,154,149.5,154,587847,0
20060427,154,154,148.5,150,282135,0
20060428,150,150,148,149.5,175136,0
20060501,149,149,148,149,232121,0
20060502,149,153,148,150,2487582,0
20060503,149.5,149.5,148.5,149,3183616,0
20060504,149,153,149,151.5,1808426,0
20060505,150,152,149.5,151,1872833,0
20060508,150.5,151.5,150,151,355476,0
20060509,150.5,152,150.5,152,842586,0
20060510,151,153.5,151,152.5,266117,0
20060511,154,154,150,152,1031356,0
20060512,151,151.5,150.5,151,148782,0
20060515,150,150,146,148.5,990204,0
20060516,149,150,148,148.5,531427,0
20060517,149,150,147.5,148,646690,0
20060518,148,148,145,145.5,662396,0
20060519,145.5,149.5,145,147,404054,0
20060522,146,149,146,146,282298,0
20060523,145.5,148,145,145,801644,0
20060524,145,148,144.5,146,339296,0
20060525,145.5,145.5,145,145,468590,0
20060526,145,147,145,147,511903,0
20060529,146,148.5,145.5,147.5,181184,0
20060530,147.5,149,147.5,149,98946,0
20060531,147,148,146.5,147.5,296582,0
20060601,148,149.5,147.5,149.5,732138,0
20060602,149.5,150,147.5,149,373697,0
20060605,149,150,148,148.5,299320,0
20060606,148.5,150,147.5,147.5,214648,0
20060607,147.5,150,147.5,149.5,267228,0
20060608,149,150,148,149,586150,0
20060609,148,150,148,150,710554,0
20060612,150,150,150,150,0,0
20060613,149,149,148,148,432490,0
20060614,149.5,150,147.5,150,401196,0
20060615,150,150,148,148,555410,0
20060616,148,150,148,150,1262544,0
20060619,149,150,148,150,887404,0
20060620,148,150.5,148,148.5,643141,0
20060621,150,150,148.5,150,515265,0
20060622,149.5,150,148.5,150,1282611,0
20060623,150,151,148,151,5892600,0
20060626,149.5,150,147,149,220250,0
20060627,149.5,151,148,150,948343,0
20060628,150,152.5,149,152.5,360917,0
20060629,152.5,154,151.5,153,916241,0
20060630,156,157,155,157,620697,0
20060703,154.5,156,150,152,2742975,0
20060704,153,154,151,152,917239,0
20060705,152,153,150.5,151.5,958260,0
20060706,152,153,150,153,812218,0
20060707,150,153,150,152.5,1488711,0
20060710,152,152,150,151,1331563,0
20060711,151.5,151.5,149,150,467021,0
20060712,149,150,148,150,1417445,0
20060713,149,150,149,150,1772157,0
20060714,149.5,149.5,148,149,600791,0
20060717,148,150,147,150,294866,0
20060718,149.5,149.5,147,149.5,295445,0
20060719,148,149.5,148,149.5,161583,0
20060720,150,150,147.5,148,265883,0
20060721,149,150,149,150,150126,0
20060724,149.5,150,148,148.5,183516,0
20060725,149,150,148,148,2120322,0
20060726,148,148,145,148,622480,0
20060727,146,148,145,148,156235,0
20060728,147,148,145,147,341473,0
20060731,147,148,146,148,1056542,0
20060801,147,147,145,147,1291488,0
20060802,146,146,144,145.5,988921,0
20060803,145.5,146.5,145.5,146,1552952,0
20060804,146.5,147,145,145.5,1224953,0
20060807,145.5,145.5,144,144.5,437608,0
20060808,144.5,145,143.5,143.5,726417,0
20060809,144.5,148,143.5,145,830204,0
20060810,145,147,145,145,247917,0
20060811,146,148,144.5,146.5,243971,0
20060814,146.5,149.5,146,149.5,273857,0
20060815,149,150,147,148,539960,0
20060816,148,150,148,149,190285,0
20060817,150,150,149,150,1359610,0
20060818,149.5,150,149,149.5,277445,0
20060821,150,151,149.5,150,3104770,0
20060822,150,152,149,150,849418,0
20060823,150,150,148.5,149,1044829,0
20060824,149,149,148.5,149,2694434,0
20060825,150,153,148.5,153,2347334,0
20060828,152,153,151,152,911592,0
20060829,152,153,152,153,302075,0
20060830,153,154,152.5,154,883396,0
20060831,153,155,153,154.5,2036566,0
20060901,155,156,154.5,155.5,2228642,0
20060904,154.5,156,154.5,155.5,1319587,0
20060905,155,159.5,155,157,3058584,0
20060906,156.5,157,155.5,156.5,2321815,0
20060907,156.5,158,156,157,3525405,0
20060908,156.5,157,156,156.5,520213,0
20060911,157.5,158,156.5,158,552838,0
20060912,157,158,156.5,158,241693,0
20060913,158,158.5,156,157,670118,0
20060914,157,158.5,157,157.5,128778,0
20060915,157.5,160,157,158,1054532,0
20060918,159,163,158,158,615542,0
20060919,161,163,159.5,163,632121,0
20060920,163,166,161,161,406969,0
20060921,161,164.5,160,164.5,5433977,0
20060922,161,162.5,160.5,161,257544,0
20060925,160,161,158,161,359259,0
20060926,160,160,157.5,160,1546979,0
20060927,161,162,160,160,609152,0
20060928,160,163,160,163,568979,0
20060929,162,163,161,162,420813,0
20061002,162,164,161,163,45606,0
20061003,162,169,161,169,886418,0
20061004,167,169.5,166,169.5,390969,0
20061005,169,169,166.5,166.5,899142,0
20061006,168,172,168,170,1638202,0
20061009,169,170,168,169,211337,0
20061010,168.5,169,168,168,164402,0
20061011,169,170,168,170,391310,0
20061012,170,170,168,168,74990,0
20061013,170,170,166,167,263457,0
20061016,170,170,169,169.5,152861,0
20061017,169.5,170,168.5,170,391703,0
20061018,170,170,168.5,170,382004,0
20061019,169,173,168.5,172.5,169892,0
20061020,172.5,173,170,173,277058,0
20061023,174,177,170,170.5,303781,0
20061024,172,175,172,173,1175546,0
20061025,173,174.5,168.5,169,667116,0
20061026,171.5,171.5,169,170,336382,0
20061027,170,171,168,168.5,5816337,0
20061030,168,170,166,169,189456,0
20061031,169,170,169,169.5,670789,0
20061101,169.5,170.5,168,170,536831,0
20061102,170,170,168,168,420754,0
20061103,168.5,170,168.5,169,679418,0
20061106,169.5,170,168,170,532730,0
20061107,171,173,169,170,579355,0
20061108,172,172,168,169.5,484435,0
20061109,169.5,171,168.5,170,316120,0
20061110,169.5,170,169,169.5,151717,0
20061113,170,171,169.5,169.5,267794,0
20061114,170,170,169,170,670618,0
20061115,170,170,169,169.5,503194,0
20061116,169.5,170,166.5,168,278834,0
20061117,168,169.5,166.5,169,618386,0
20061120,169,169.5,168,169,303344,0
20061121,169,170,168,169,182992,0
20061122,169.5,173.5,167.5,173.5,1337482,0
20061123,171,176.5,170,176.5,502076,0
20061124,177,177,172.5,175.5,238297,0
20061127,175.5,177,172,173,176112,0
20061128,173,177,172,173,285123,0
20061129,172.5,181,172.5,180,661222,0
20061130,180,181.5,179,180,1822310,0
20061201,182,182,178.5,180,260556,0
20061204,178,182,175.5,182,1034837,0
20061205,184,184,176,182,2142035,0
20061206,182,182,178,182,914046,0
20061207,181,182,178,180,514915,0
20061208,182,182,178.5,182,337858,0
20061211,182,182,172.5,176.5,370031,0
20061212,175,177,174.5,176,291042,0
20061213,175.5,176.5,173.5,173.5,419876,0
20061214,172.5,176,170,175,448072,0
20061215,175,177,172.5,177,486540,0
20061218,178,180,174,178.5,705711,0
20061219,178.5,181.5,178.5,181,924536,0
20061220,180,182,176,180,694438,0
20061221,175,179.5,174.5,179.5,298235,0
20061222,180,181,174.5,181,224536,0
20061225,181,181,181,181,0,0
20061226,181,181,181,181,0,0
20061227,177,180,176,180,53057,0
20061228,179,183,176,182,2341770,0
20061229,182,184,179,184,348204,0
20070101,184,184,184,184,0,0
20070102,187.5,190,184,188,234125,0
20070103,189.5,189.5,177,177,1664502,0
20070104,182.5,182.5,175,177.5,381224,0
20070105,177.5,183,177.5,181,718779,0
20070108,181,182.5,177.5,178,1943875,0
20070109,178,178,175,177,329021,0
20070110,176.5,176.5,173,173,754490,0
20070111,173,176,172.5,174,916160,0
20070112,174.5,175.5,173.5,173.5,738757,0
20070115,173.5,177,173.5,175.5,967829,0
20070116,176.5,176.5,175,176.5,1644315,0
20070117,177,177,175,175.5,451485,0
20070118,176,176,173,175.5,1463466,0
20070119,178,180,177.5,180,3308580,0
20070122,180,181,179,181,1672985,0
20070123,182,184.5,181,181,897040,0
20070124,181,185,180.5,185,576633,0
20070125,183.5,189,183,188,1928691,0
20070126,188,188,188,188,0,0
20070129,188.5,188.5,186,188,242459,0
20070130,187,189.5,186.5,189.5,1727003,0
20070131,188.5,191,187,191,617590,0
20070201,193,198,193,197,5621651,0
20070202,196,199,194,197,498417,0
20070205,197,197,194.5,195,643863,0
20070206,194,195,193,194.5,1613886,0
20070207,194,195.5,194,195,1264659,0
20070208,195,195.5,193,195,2796061,0
20070209,191,195,191,195,366849,0
20070212,195,197,193,195,1878497,0
20070213,196,196,190,190,404354,0
20070214,191,191.5,187,188,796992,0
20070215,190,190.5,189,189.5,344942,0
20070216,189.5,190.5,185,185,696524,0
20070219,185,188,185,186,385527,0
20070220,187.5,190,185.5,190,8230529,0
20070221,192,194,189,191,5009562,0
20070222,191,194,187,193,1206548,0
20070223,194,196,190,196,3278979,0
20070226,195,195,187,190,830125,0
20070227,189,191,189,190,1405245,0
20070228,185,189.5,182,189.5,2307285,0
20070301,190,191.5,188,189.5,577421,0
20070302,193,193,185.5,189.5,924173,0
20070305,186.5,189.5,186.5,189.5,205761,0
20070306,185,192.5,185,192.5,1004813,0
20070307,189,190.5,186.5,190,1175221,0
20070308,190,191,187,189,1618556,0
20070309,191,192.5,190,192,836260,0
20070312,194,196,192.5,196,982252,0
20070313,196,197,192.5,195,4072848,0
20070314,191.5,191.5,189.5,190,3052906,0
20070315,190,190,189.5,190,1756935,0
20070316,190,194,189.5,194,11026762,0
20070319,195,195,191,195,929330,0
20070320,195,200,195,200,633993,0
20070321,202,207,200,201,1133895,0
20070322,201,202,196,200,5497288,0
20070323,199.5,203,199,203,572298,0
20070326,202,202,197,199,512791,0
20070327,200,200,194,200,290295,0
20070328,200,200,196,199,575479,0
20070329,199,199,194,197,578035,0
20070330,199,199,195,199,2227650,0
20070402,198,198,194,198,411859,0
20070403,197,198,192.5,194.5,2480951,0
20070404,194.5,197,194,195,2174594,0
20070405,194.5,196,192,192,633988,0
20070406,192,192,192,192,0,0
20070409,192,192,192,192,0,0
20070410,193,195,192,194,1966715,0
20070411,194.5,194.5,192.5,193,492225,0
20070412,194,194,191.5,192.5,1012019,0
20070413,194,194.5,191.5,192,1330947,0
20070416,192,195,187,192,1314417,0
20070417,192,194.5,191.5,194,3057667,0
20070418,194.5,202,194,196,2969597,0
20070419,200,200,194,198,279632,0
20070420,197.5,199,196,199,359313,0
20070423,200,202,198,202,734992,0
20070424,200,202,195,195,620803,0
20070425,195,195,195,195,0,0
20070426,200,200,195.5,198.5,702854,0
20070427,196.5,198,196,196.5,447805,0
20070430,198,198,196,198,601767,0
20070501,196.5,198,196,196,1342719,0
20070502,196,196.5,191,193.5,653232,0
20070503,192,196,192,195,1011408,0
20070504,197,197.5,194,197.5,364759,0
20070507,194.5,198,194.5,196,411526,0
20070508,197,197,193,194,1128653,0
20070509,194,197,193,194.5,494085,0
20070510,193.5,197,192,192,759873,0
20070511,192,197,192,194,1313789,0
20070514,197,197.5,194.5,196.5,436186,0
20070515,196,197,192.5,197,466829,0
20070516,194,201,193.5,197.5,925516,0
20070517,197.5,204,197.5,203,869230,0
20070518,202,204,193.5,196,643241,0
20070521,196,198.5,195,198,923113,0
20070522,198,204,198,204,767148,0
20070523,203,205,199,203,1749206,0
20070524,203,205,199,205,218588,0
20070525,205,205,198,198,509593,0
20070528,198,200,196.5,198,506641,0
20070529,200,200,195,200,896013,0
20070530,200,201,198,199,1806245,0
20070531,201,205,200,205,549978,0
20070601,202,204,198,204,1164637,0
20070604,200,205,200,205,259460,0
20070605,201,204,200,202,492560,0
20070606,202,203,200,203,381658,0
20070607,202,202,200,201,260259,0
20070608,197.5,205,197.5,205,680264,0
20070611,205,205,205,205,0,0
20070612,200,204,199,204,1333287,0
20070613,200,204,197,204,361766,0
20070614,204,204,199.5,200,719983,0
20070615,202,203,196.5,196.5,2462744,0
20070618,199,199.5,191.5,194,663545,0
20070619,193,199.5,192.5,199.5,1180117,0
20070620,199,200,196,200,638944,0
20070621,200,200,194,198,1787520,0
20070622,198,199,193,197,411264,0
20070625,197,199,191,191,892317,0
20070626,193,195,186,186,373175,0
20070627,189,190,185,188,654841,0
20070628,186,195,185,195,942262,0
20070629,191,198,187.5,198,866752,0
20070702,196,198,191,198,1199563,0
20070703,195,195,189.5,195,1296911,0
20070704,195,195,192.5,195,1128321,0
20070705,194,195,193,195,1286645,0
20070706,195,195,191.5,192,472456,0
20070709,192.5,192.5,189,190,1145505,0
20070710,190,190,187,189,605162,0
20070711,187,191,186,190.5,1320471,0
20070712,190.5,194,187.5,194,1714934,0
20070713,194.5,194.5,189,193.5,841253,0
20070716,195,195,190,193,2176894,0
20070717,193,193.5,190,193,2995159,0
20070718,193,193,189,193,493074,0
20070719,193,193,193,193,0,0
20070720,190,193,189,193,2004345,0
20070723,194,194,192,193,1045432,0
20070724,193.5,194,190,190,540125,0
20070725,193,193.5,191.5,191.5,569414,0
20070726,192,194.5,190.5,194.5,5281324,0
20070727,189.5,195,187,194.5,1500359,0
20070730,194.5,194.5,188,194.5,1294923,0
20070731,195,195,189.5,194.5,1695042,0
20070801,194.5,194.5,187.5,193,1400160,0
20070802,190,190,186,189,2506791,0
20070803,190,190,183,188.5,873091,0
20070806,187,188,183,188,565458,0
20070807,186.5,189.5,182.5,189,3875267,0
20070808,190,190,187,188.5,1977720,0
20070809,188.5,194.5,186,194.5,3566615,0
20070810,186.5,192,185.5,192,1180200,0
20070813,193,193.5,185,190,2075382,0
20070814,190,190,187,189,676587,0
20070815,185,185,177,181,2022215,0
20070816,185,185.5,177,178,930641,0
20070817,178,180,175.5,177.5,1353836,0
20070820,179.5,179.5,175.5,178.5,2289300,0
20070821,178,179.5,177,179.5,996626,0
20070822,182.5,184,177,183,805672,0
20070823,181,188,181,187,1047645,0
20070824,185,188.5,183,187,1578771,0
20070827,188,193,185,193,927214,0
20070828,193,195,188,195,1328916,0
20070829,193,194,188,193,257990,0
20070830,194,194,189.5,191.5,946322,0
20070831,190,195,190,195,1056501,0
20070903,195,195,192,194,292731,0
20070904,194,195,190,194,1541106,0
20070905,194,195,190.5,195,563813,0
20070906,195,195,192.5,195,1042900,0
20070907,193.5,195,191.5,195,233790,0
20070910,195,195,191,192,382154,0
20070911,194,194,191,191,510572,0
20070912,191,192.5,190,192,892746,0
20070913,190.5,192,189,189.5,1854012,0
20070914,189,191,188.5,190,1326275,0
20070917,190,190,188,190,954092,0
20070918,190,190,187,190,898605,0
20070919,190,192,184,189,2131162,0
20070920,190,192,190,191.5,2485089,0
20070921,190,193.5,189,193.5,1297066,0
20070924,191,192,190,191,1760259,0
20070925,191,192,190,192,1401104,0
20070926,191.5,191.5,190,191,975723,0
20070927,191.5,192,185,187,6645408,0
20070928,190.5,193,189,192,1520865,0
20071001,190,194,190,194,316986,0
20071002,193,194,192.5,193,827336,0
20071003,193,194,191.5,193.5,1510666,0
20071004,193.5,195,192.5,195,847543,0
20071005,195,196,191.5,196,970884,0
20071008,195.5,195.5,192.5,193,482057,0
20071009,195,195,189,190.5,804579,0
20071010,194,194,190.5,191,509060,0
20071011,190,191,189,190,1340229,0
20071012,189.5,190,189,189.5,1336195,0
20071015,188.5,189.5,186.5,189,1557069,0
20071016,189.5,189.5,187.5,189.5,609229,0
20071017,190,192.5,187.5,191.5,1884900,0
20071018,189.5,193,189,190,1937467,0
20071019,190,190,186.5,186.5,519932,0
20071022,186,189,185.5,187.5,478959,0
20071023,187.5,188,186,187,1449792,0
20071024,187.5,190,186,186,2220991,0
20071025,188,190,185.5,190,952629,0
20071026,189,190,186,190,932526,0
20071029,188,190,186,188,512251,0
20071030,186,190,186,189.5,955675,0
20071031,188,194,186,194,1676570,0
20071101,193.5,194,190,193.5,2248484,0
20071102,193.5,194,190,192,255745,0
20071105,192,193,189,192,826159,0
20071106,190.5,192.5,189,192.5,988458,0
20071107,192.5,192.5,190,190,1158170,0
20071108,190,192,189.5,192,520059,0
20071109,190.5,191.5,187,191.5,1415766,0
20071112,191.5,192,188,188,1267531,0
20071113,187,187,183.5,185,949450,0
20071114,187,188,185.5,186.5,1477941,0
20071115,188,188,184,186,508415,0
20071116,185.5,187.5,185,186.5,947707,0
20071119,187,189,185.5,188,718994,0
20071120,184.5,189,182,189,1431453,0
20071121,185.5,186,180,183,1358854,0
20071122,183,183,177,180,956726,0
20071123,177,181,173.5,180,179492,0
20071126,180,184.5,180,182.5,1643402,0
20071127,180.5,181,176,180,856068,0
20071128,177.5,180,175.5,180,1006803,0
20071129,181,182.5,179.5,180,1882549,0
20071130,178,181,178,181,2225964,0
20071203,180.5,185,178,179.5,1338799,0
20071204,182.5,185,180,182.5,672145,0
20071205,182,182.5,180.5,182,5390138,0
20071206,185,185,183,183.5,935097,0
20071207,183.5,185,181.5,184,735637,0
20071210,183,184.5,182,182,1844376,0
20071211,182.5,184.5,181.5,181.5,1235586,0
20071212,182,183.5,180,183,895280,0
20071213,182.5,183,179.5,181.5,662284,0
20071214,183,183,171,177,1340024,0
20071217,177.0,177.0,160.0,170.0,1755500
20071218,151.0,173.0,145.0,173.0,3480100
20071219,174.0,177.0,162.0,175.0,2833600
20071220,172.0,175.0,162.0,175.0,3809300
20071221,173.0,173.0,160.0,168.0,2983100
20071224,168.0,168.0,162.0,168.0,682900
20071227,166.0,167.0,163.0,167.0,11018600
20071228,167.0,168.0,162.0,168.0,610000
20071231,162.0,175.0,162.0,175.0,923500
20080102,170.0,174.0,165.0,169.0,230100
20080103,170.0,170.0,164.0,168.0,664600
20080104,163.0,167.0,162.0,167.0,926300
20080107,163.0,163.0,157.0,160.0,1382100
20080108,166.0,166.0,161.0,164.0,500300
20080109,163.0,163.0,151.0,155.0,1691400
20080110,156.0,156.0,150.0,154.0,1221600
20080111,153.0,156.0,149.0,151.0,1489700
20080114,150.0,152.0,145.0,149.0,955900
20080115,146.0,150.0,141.0,143.0,625400
20080116,144.0,150.0,139.0,148.0,1670700
20080117,145.0,152.0,145.0,148.0,804800
20080118,144.0,148.0,143.0,146.0,4455900
20080121,144.0,146.0,144.0,145.0,1955500
20080122,143.0,143.0,134.0,134.0,1990700
20080123,134.0,137.0,127.0,132.0,2473900
20080124,139.0,144.0,132.0,144.0,2376700
20080125,144.0,145.0,139.0,145.0,3543600
20080129,144.0,146.0,141.0,142.0,2472000
20080130,142.0,148.0,138.0,138.0,1527500
20080131,142.0,144.0,140.0,142.0,2092700
20080201,141.0,146.0,138.0,144.0,1207900
20080204,142.0,157.0,142.0,149.0,2673700
20080205,154.0,154.0,148.0,148.0,302300
20080206,150.0,150.0,146.0,146.0,1705500
20080207,149.0,152.0,146.0,146.0,4372000
20080208,146.0,150.0,146.0,148.0,3110700
20080211,149.0,149.0,145.0,147.0,1117100
20080212,148.0,149.0,147.0,148.0,2095300
20080213,147.0,148.0,147.0,148.0,4503700
20080214,147.0,148.0,144.0,146.0,40155300
20080215,146.0,147.0,138.0,145.0,5036800
20080218,145.0,149.0,145.0,149.0,2978900
20080219,149.0,153.0,148.0,149.0,1810300
20080220,149.0,149.0,142.0,142.0,2735200
20080221,148.0,148.0,140.0,140.0,2722600
20080222,139.0,140.0,134.0,140.0,2284900
20080225,145.0,146.0,136.0,137.0,1544200
20080226,143.0,147.0,138.0,141.0,1648200
20080227,138.0,143.0,138.0,139.0,1054400
20080228,139.0,140.0,134.0,137.0,1973300
20080229,139.0,139.0,127.0,139.0,1343900
20080303,131.0,133.0,128.0,128.0,888600
20080304,128.0,129.0,122.0,125.0,1761100
20080305,125.0,125.0,119.0,125.0,2503800
20080306,125.0,128.0,117.0,121.0,1705000
20080307,119.0,124.0,112.99999999999999,114.99999999999999,3226800
20080310,113.99999999999999,115.99999999999999,110.00000000000001,112.00000000000001,959300
20080311,109.00000000000001,113.99999999999999,103.0,113.99999999999999,1956200
20080312,118.0,121.0,111.00000000000001,113.99999999999999,2042300
20080313,114.99999999999999,114.99999999999999,110.00000000000001,111.00000000000001,697800
20080314,111.00000000000001,113.99999999999999,109.00000000000001,112.99999999999999,704800
20080318,111.00000000000001,114.99999999999999,110.00000000000001,112.99999999999999,2223800
20080319,117.0,119.0,113.99999999999999,119.0,2718000
20080320,113.99999999999999,129.0,112.00000000000001,126.0,8009100
20080325,134.0,169.0,115.99999999999999,126.0,2584900
20080326,123.0,134.0,121.0,132.0,1645700
20080327,128.0,133.0,126.0,133.0,2059900
20080328,127.0,133.0,126.0,126.0,2136700
20080331,126.0,134.0,126.0,133.0,2076800
20080401,134.0,141.0,130.0,137.0,1639500
20080402,146.0,146.0,136.0,142.0,1814900
20080403,141.0,142.0,137.0,138.0,856100
20080404,141.0,143.0,138.0,138.0,1533400
20080407,136.0,140.0,135.0,139.0,1338500
20080408,139.0,142.0,137.0,140.0,1815900
20080409,140.0,140.0,137.0,138.0,759400
20080410,136.0,137.0,130.0,132.0,1312400
20080411,135.0,135.0,126.0,126.0,775400
20080414,125.0,128.0,120.0,125.0,1281500
20080415,123.0,132.0,120.0,127.0,1772100
20080416,127.0,128.0,125.0,127.0,733100
20080417,133.0,133.0,127.0,129.0,1500000
20080418,133.0,133.0,126.0,127.0,731900
20080421,131.0,135.0,125.0,133.0,1969400
20080422,133.0,135.0,128.0,129.0,1216800
20080423,131.0,138.0,129.0,134.0,1682000
20080424,133.0,137.0,130.0,133.0,1254900
20080428,139.0,140.0,133.0,137.0,622900
20080429,134.0,138.0,132.0,137.0,1225900
20080430,139.0,139.0,133.0,138.0,2576900
20080501,135.0,138.0,134.0,136.0,908000
20080502,138.0,138.0,133.0,135.0,1386100
20080505,136.0,139.0,133.0,136.0,799000
20080506,134.0,138.0,134.0,134.0,782000
20080507,137.0,137.0,125.0,133.0,10381700
20080508,127.0,135.0,127.0,134.0,984800
20080509,134.0,137.0,130.0,136.0,573900
20080512,136.0,138.0,134.0,136.0,632800
20080513,137.0,137.0,133.0,134.0,1191500
20080514,137.0,137.0,134.0,135.0,636100
20080515,138.0,138.0,134.0,136.0,969200
20080516,136.0,137.0,133.0,134.0,618400
20080519,133.0,133.0,128.0,130.0,4631700
20080520,133.0,133.0,128.0,131.0,792400
20080521,133.0,135.0,131.0,133.0,1574200
20080522,130.0,136.0,129.0,133.0,1996900
20080523,129.0,135.0,129.0,134.0,847500
20080526,137.0,137.0,131.0,132.0,1004300
20080527,135.0,135.0,130.0,133.0,703400
20080528,132.0,133.0,129.0,132.0,1922100
20080529,130.0,136.0,130.0,134.0,958000
20080530,135.0,137.0,128.0,132.0,5082200
20080602,133.0,133.0,130.0,132.0,834400
20080603,130.0,134.0,130.0,132.0,1825400
20080604,130.0,136.0,129.0,132.0,1884400
20080605,136.0,136.0,130.0,132.0,1880800
20080606,131.0,134.0,131.0,133.0,580100
20080610,135.0,135.0,124.0,130.0,2261300
20080611,130.0,132.0,125.0,130.0,1511200
20080612,128.0,130.0,124.0,130.0,992200
20080613,129.0,131.0,126.0,130.0,1114300
20080616,131.0,131.0,125.0,127.0,1294000
20080617,129.0,129.0,117.0,124.0,2648100
20080618,121.0,123.0,115.99999999999999,118.0,3904300
20080619,114.99999999999999,124.0,112.00000000000001,121.0,3941700
20080620,120.0,129.0,118.0,125.0,1905400
20080623,120.0,129.0,120.0,126.0,1771700
20080624,123.0,124.0,120.0,123.0,4190700
20080625,121.0,124.0,114.99999999999999,124.0,2593000
20080626,124.0,128.0,120.0,121.0,2399500
20080627,120.0,122.0,114.99999999999999,120.0,7816700
20080630,123.0,123.0,113.99999999999999,114.99999999999999,2642400
20080701,112.00000000000001,117.0,110.00000000000001,112.00000000000001,849500
20080702,113.99999999999999,115.99999999999999,108.0,112.99999999999999,1449600
20080703,112.99999999999999,117.0,111.00000000000001,112.99999999999999,1273400
20080704,112.99999999999999,113.99999999999999,108.0,112.99999999999999,1262800
20080707,107.0,112.00000000000001,107.0,110.00000000000001,856600
20080708,108.0,111.00000000000001,103.0,104.0,949000
20080709,107.0,108.0,103.0,103.0,1571100
20080710,103.0,105.0,99.0,100.0,1999100
20080711,102.0,110.00000000000001,101.0,103.0,1957400
20080714,103.0,107.0,102.0,107.0,2640200
20080715,106.0,108.0,102.0,104.0,2742800
20080716,104.0,105.0,102.0,104.0,2395300
20080717,105.0,110.00000000000001,104.0,110.00000000000001,1068600
20080718,107.0,110.00000000000001,105.0,109.00000000000001,1215800
20080721,109.00000000000001,114.99999999999999,108.0,110.00000000000001,2401400
20080722,111.00000000000001,111.00000000000001,106.0,109.00000000000001,1559800
20080723,112.00000000000001,125.0,111.00000000000001,119.0,1588200
20080724,122.0,125.0,117.0,123.0,1671800
20080725,114.99999999999999,125.0,114.99999999999999,115.99999999999999,1270900
20080728,118.0,120.0,112.00000000000001,114.99999999999999,887400
20080729,112.99999999999999,117.0,110.00000000000001,113.99999999999999,837300
20080730,118.0,120.0,114.99999999999999,120.0,1140700
20080731,120.0,122.0,117.0,119.0,1460100
20080801,120.0,122.0,118.0,120.0,1303400
20080804,122.0,123.0,119.0,120.0,843300
20080805,120.0,121.0,112.99999999999999,115.99999999999999,1409300
20080806,117.0,120.0,117.0,120.0,1662800
20080807,120.0,121.0,118.0,121.0,711500
20080808,120.0,122.0,118.0,121.0,988200
20080811,120.0,124.0,120.0,123.0,1372900
20080812,122.0,127.0,121.0,127.0,1701900
20080813,128.0,128.0,123.0,124.0,1480600
20080814,125.0,134.0,124.0,130.0,2096500
20080815,129.0,131.0,125.0,128.0,3821800
20080818,129.0,130.0,126.0,128.0,2196000
20080819,128.0,128.0,125.0,126.0,1264000
20080820,125.0,127.0,123.0,125.0,786700
20080821,122.0,124.0,117.0,120.0,1123600
20080822,114.99999999999999,123.0,114.99999999999999,119.0,553800
20080825,124.0,127.0,123.0,124.0,1265800
20080826,122.0,123.0,118.0,122.0,672700
20080827,123.0,124.0,120.0,123.0,1003600
20080828,126.0,126.0,123.0,125.0,1199100
20080829,127.0,129.0,125.0,126.0,3307900
20080901,129.0,132.0,127.0,128.0,934400
20080902,130.0,135.0,129.0,134.0,2266600
20080903,136.0,136.0,127.0,131.0,2162100
20080904,132.0,132.0,124.0,125.0,1471200
20080905,120.0,122.0,118.0,120.0,1763700
20080908,118.0,123.0,118.0,122.0,1471800
20080909,121.0,124.0,120.0,120.0,920700
20080910,122.0,122.0,117.0,118.0,960900
20080911,118.0,119.0,113.99999999999999,113.99999999999999,1106200
20080912,114.99999999999999,117.0,108.0,108.0,1734000
20080915,107.0,111.00000000000001,105.0,107.0,980500
20080916,105.0,108.0,104.0,104.0,1986200
20080917,106.0,110.00000000000001,104.0,105.0,2452500
20080918,100.0,106.0,93.0,100.0,6161900
20080919,100.0,107.0,100.0,107.0,2116200
20080922,110.00000000000001,110.00000000000001,104.0,104.0,1532300
20080923,105.0,105.0,95.0,100.0,1032100
20080924,99.0,101.0,93.0,100.0,3695000
20080925,99.0,100.0,94.0,94.0,5316400
20080926,94.0,95.0,91.0,93.0,2818300
20080929,93.0,95.0,91.0,93.0,712000
20080930,94.0,94.0,88.0,90.0,2078700
20081001,94.0,100.0,92.0,96.0,1917000
20081002,98.0,98.0,94.0,94.0,597200
20081003,90.0,96.0,86.0,92.0,1973400
20081006,90.0,93.0,86.0,87.0,464400
20081007,86.0,93.0,86.0,93.0,1285700
20081008,90.0,90.0,84.0,85.0,1764100
20081009,85.0,85.0,77.0,80.0,1511300
20081010,79.0,79.0,65.0,69.0,2511100
20081013,73.0,89.0,73.0,78.0,1421400
20081014,85.0,88.0,73.0,76.0,3010600
20081015,73.0,76.0,73.0,75.0,1828100
20081016,70.0,74.0,66.0,69.0,2589100
20081017,70.0,72.0,61.0,63.0,1862300
20081020,63.0,64.0,57.99999999999999,60.0,2954200
20081021,60.0,62.0,56.99999999999999,60.0,2611400
20081022,60.0,60.0,56.00000000000001,56.00000000000001,1644900
20081023,55.00000000000001,56.00000000000001,49.0,50.0,1653000
20081024,53.0,53.0,38.0,40.0,3485700
20081027,40.0,47.0,39.0,39.0,2738300
20081028,39.0,39.0,33.0,34.0,3678800
20081029,36.0,41.0,33.0,33.0,11756200
20081030,35.0,35.0,32.0,34.0,7931800
20081031,34.0,35.0,32.0,33.0,10315700
20081103,34.0,34.0,32.0,34.0,4195200
20081104,34.0,35.0,32.0,32.0,6171300
20081105,33.0,34.0,31.0,32.0,6116700
20081106,31.0,32.0,26.0,27.0,5212900
20081107,26.0,28.999999999999996,23.0,23.0,5732700
20081110,25.0,28.000000000000004,22.0,26.0,10579900
20081111,26.0,31.0,24.0,28.999999999999996,4746100
20081112,30.0,40.0,28.000000000000004,40.0,4657600
20081113,38.0,38.0,34.0,35.0,4887200
20081114,38.0,42.0,35.0,37.0,4495700
20081117,38.0,38.0,35.0,35.0,3119800
20081118,35.0,35.0,31.0,31.0,1596600
20081119,32.0,34.0,28.000000000000004,28.000000000000004,2562700
20081120,26.0,30.0,26.0,28.000000000000004,2614000
20081121,27.0,28.999999999999996,25.0,28.000000000000004,3162400
20081124,31.0,31.0,26.0,26.0,1492100
20081125,28.000000000000004,28.999999999999996,25.0,26.0,1806300
20081126,28.000000000000004,31.0,25.0,25.0,2345300
20081127,28.000000000000004,28.000000000000004,25.0,26.0,2232200
20081128,27.0,28.000000000000004,26.0,28.000000000000004,1659300
20081201,28.999999999999996,28.999999999999996,27.0,27.0,1735400
20081202,28.000000000000004,28.000000000000004,25.0,25.0,3556700
20081203,26.0,28.000000000000004,24.0,24.0,3047000
20081204,25.0,25.0,22.0,22.0,3587300
20081205,22.0,23.0,20.0,22.0,3630000
20081208,23.0,26.0,22.0,25.0,2493900
20081209,26.0,26.0,24.0,25.0,1584600
20081210,25.0,27.0,24.0,26.0,1760000
20081211,25.0,27.0,24.0,25.0,1907900
20081212,24.0,25.0,22.0,23.0,2205800
20081215,24.0,25.0,22.0,22.0,2109000
20081216,23.0,23.0,20.0,20.0,4735100
20081217,20.0,20.0,18.0,18.0,6800100
20081218,18.0,20.0,17.0,19.0,10501100
20081219,19.0,19.0,15.0,15.0,10478200
20081222,16.0,17.0,16.0,17.0,5444800
20081223,17.0,18.0,16.0,18.0,2466600
20081224,18.0,20.0,18.0,18.0,3954300
20081229,19.0,19.0,17.0,17.0,2942800
20081230,17.0,19.0,17.0,18.0,1554800
20081231,19.0,22.0,19.0,22.0,1906700
20090102,22.0,23.0,19.0,20.0,3461700
20090105,22.0,22.0,20.0,20.0,1647500
20090106,21.0,22.0,19.0,19.0,2004900
20090107,20.0,21.0,19.0,20.0,7024200
20090108,21.0,23.0,21.0,23.0,3001800
20090109,23.0,28.000000000000004,23.0,26.0,3652600
20090112,26.0,28.999999999999996,26.0,26.0,3340700
20090113,25.0,25.0,22.0,24.0,1943100
20090114,25.0,28.000000000000004,24.0,26.0,1599400
20090115,25.0,25.0,23.0,23.0,2482000
20090116,24.0,24.0,22.0,22.0,3585500
20090119,22.0,22.0,19.0,20.0,1962400
20090120,20.0,21.0,20.0,20.0,2036200
20090121,22.0,24.0,22.0,22.0,6982700
20090122,22.0,25.0,22.0,25.0,4389700
20090123,25.0,25.0,23.0,24.0,3429700
20090127,23.0,25.0,23.0,24.0,1654500
20090128,24.0,25.0,23.0,23.0,1341200
20090129,24.0,24.0,22.0,23.0,34981600
20090130,23.0,24.0,23.0,24.0,2004500
20090202,23.0,25.0,23.0,25.0,1705400
20090203,25.0,26.0,24.0,25.0,4239100
20090204,25.0,25.0,22.0,23.0,4392900
20090205,23.0,24.0,22.0,23.0,2868500
20090206,25.0,25.0,23.0,24.0,1076100
20090209,25.0,26.0,25.0,25.0,2754000
20090210,25.0,25.0,24.0,25.0,1536900
20090211,25.0,25.0,24.0,25.0,1285700
20090212,25.0,26.0,25.0,25.0,1674100
20090213,25.0,26.0,25.0,25.0,2462400
20090216,25.0,25.0,25.0,25.0,1764200
20090217,25.0,25.0,23.0,23.0,2116500
20090218,23.0,24.0,23.0,23.0,1401200
20090219,23.0,24.0,23.0,23.0,1473300
20090220,23.0,25.0,23.0,23.0,2012300
20090223,24.0,24.0,23.0,23.0,1990300
20090224,23.0,23.0,23.0,23.0,1594200
20090225,23.0,25.0,23.0,24.0,2616700
20090226,24.0,26.0,23.0,25.0,4959400
20090227,26.0,26.0,25.0,25.0,2652800
20090302,25.0,26.0,25.0,26.0,1986500
20090303,25.0,33.0,25.0,31.0,8331800
20090304,28.999999999999996,31.0,27.0,28.000000000000004,7510400
20090305,28.000000000000004,28.999999999999996,28.000000000000004,28.999999999999996,4855400
20090306,28.999999999999996,28.999999999999996,28.000000000000004,28.999999999999996,4160000
20090309,28.000000000000004,28.999999999999996,27.0,28.000000000000004,3480200
20090310,28.000000000000004,28.999999999999996,26.0,28.000000000000004,4389100
20090311,28.999999999999996,30.0,28.000000000000004,28.000000000000004,7490500
20090312,28.000000000000004,30.0,28.000000000000004,28.999999999999996,9401600
20090313,28.999999999999996,28.999999999999996,28.000000000000004,28.999999999999996,7989400
20090316,28.000000000000004,28.999999999999996,28.000000000000004,28.000000000000004,10599300
20090317,28.999999999999996,28.999999999999996,28.000000000000004,28.000000000000004,7283200
20090318,28.000000000000004,30.0,28.000000000000004,28.999999999999996,21867900
20090319,28.999999999999996,30.0,28.000000000000004,28.000000000000004,19710100
20090320,28.000000000000004,28.999999999999996,27.0,27.0,12859100
20090323,26.0,27.0,25.0,27.0,4063600
20090324,28.000000000000004,28.000000000000004,27.0,28.000000000000004,8454800
20090325,27.0,28.000000000000004,26.0,27.0,2352600
20090326,27.0,28.999999999999996,27.0,28.000000000000004,3153300
20090327,28.999999999999996,32.0,28.999999999999996,30.0,2900500
20090330,31.0,33.0,28.999999999999996,31.0,3966200
20090331,31.0,31.0,28.000000000000004,28.000000000000004,2982700
20090401,28.000000000000004,30.0,28.000000000000004,28.999999999999996,3109300
20090402,31.0,34.0,30.0,32.0,4050800
20090403,32.0,32.0,31.0,32.0,6179300
20090406,33.0,34.0,33.0,33.0,2886500
20090407,33.0,33.0,31.0,32.0,3711000
20090408,31.0,32.0,31.0,31.0,3678100
20090409,31.0,32.0,31.0,31.0,1245400
20090414,31.0,34.0,31.0,32.0,3538800
20090415,32.0,32.0,31.0,32.0,2645600
20090416,32.0,33.0,31.0,33.0,5875800
20090417,33.0,33.0,32.0,33.0,6231400
20090420,34.0,37.0,33.0,37.0,6592000
20090421,35.0,35.0,32.0,32.0,5208100
20090422,34.0,34.0,31.0,31.0,4872700
20090423,31.0,31.0,31.0,31.0,5465500
20090424,31.0,32.0,28.999999999999996,28.999999999999996,6672700
20090427,31.0,31.0,28.000000000000004,28.000000000000004,4244600
20090428,28.000000000000004,31.0,28.000000000000004,28.999999999999996,2604200
20090429,28.999999999999996,31.0,28.999999999999996,28.999999999999996,1756000
20090430,31.0,33.0,31.0,31.0,5064700
20090501,32.0,33.0,31.0,32.0,1270100
20090504,33.0,34.0,33.0,33.0,2283700
20090505,34.0,34.0,34.0,34.0,5358900
20090506,34.0,35.0,34.0,34.0,2072500
20090507,34.0,35.0,34.0,34.0,3228700
20090508,35.0,35.0,32.0,32.0,3876500
20090511,34.0,34.0,32.0,32.0,4478700
20090512,32.0,32.0,31.0,31.0,4168100
20090513,31.0,32.0,31.0,31.0,3735900
20090514,30.0,31.0,28.999999999999996,28.999999999999996,6070000
20090515,31.0,31.0,28.000000000000004,28.000000000000004,4347800
20090518,28.000000000000004,31.0,28.000000000000004,31.0,3076200
20090519,32.0,32.0,31.0,31.0,2259700
20090520,32.0,33.0,31.0,32.0,2693500
20090521,32.0,33.0,31.0,31.0,3551900
20090522,31.0,32.0,31.0,31.0,2570700
20090525,32.0,32.0,31.0,32.0,1954600
20090526,32.0,32.0,31.0,31.0,2254600
20090527,32.0,34.0,31.0,34.0,7230200
20090528,34.0,34.0,32.0,34.0,5705900
20090529,34.0,34.0,33.0,34.0,2166300
20090601,34.0,34.0,32.0,32.0,6179000
20090602,34.0,34.0,34.0,34.0,6799500
20090603,34.0,36.0,34.0,36.0,6903400
20090604,36.0,37.0,34.0,35.0,7270600
20090605,35.0,36.0,33.0,33.0,10845400
20090609,33.0,34.0,32.0,33.0,4475600
20090610,33.0,34.0,32.0,34.0,7024400
20090611,33.0,35.0,33.0,34.0,30065200
20090612,35.0,37.0,35.0,36.0,20033700
20090615,36.0,41.0,35.0,37.0,10881000
20090616,37.0,37.0,35.0,35.0,3563700
20090617,35.0,36.0,34.0,35.0,4874200
20090618,36.0,37.0,35.0,37.0,6854000
20090619,37.0,37.0,35.0,35.0,4023400
20090622,35.0,35.0,34.0,35.0,3474500
20090623,35.0,35.0,34.0,35.0,4299400
20090624,35.0,37.0,34.0,37.0,4554500
20090625,37.0,37.0,36.0,37.0,4864700
20090626,37.0,37.0,37.0,37.0,3467200
20090629,37.0,38.0,36.0,37.0,4720500
20090630,37.0,38.0,36.0,37.0,4670800
20090701,37.0,37.0,36.0,36.0,2862400
20090702,36.0,37.0,35.0,35.0,3044700
20090703,35.0,37.0,34.0,36.0,4310100
20090706,35.0,37.0,35.0,35.0,2497700
20090707,35.0,36.0,35.0,35.0,1584700
20090708,35.0,35.0,34.0,34.0,3284600
20090709,34.0,34.0,34.0,34.0,1799400
20090710,34.0,35.0,34.0,35.0,1698300
20090713,35.0,35.0,34.0,34.0,2060200
20090714,35.0,36.0,35.0,36.0,3033400
20090715,36.0,36.0,35.0,36.0,2895600
20090716,37.0,37.0,35.0,36.0,4094200
20090717,36.0,37.0,36.0,36.0,3202400
20090720,36.0,37.0,36.0,37.0,2922500
20090721,36.0,37.0,36.0,37.0,1311500
20090722,37.0,37.0,36.0,37.0,1028600
20090723,37.0,37.0,36.0,37.0,2512000
20090724,37.0,37.0,36.0,37.0,2792300
20090727,36.0,37.0,36.0,37.0,2775300
20090728,37.0,37.0,36.0,37.0,3007300
20090729,36.0,37.0,36.0,37.0,2092800
20090730,37.0,37.0,35.0,35.0,3605100
20090731,36.0,36.0,35.0,35.0,3587000
20090803,36.0,36.0,35.0,35.0,2134400
20090804,36.0,36.0,35.0,36.0,6233700
20090805,36.0,36.0,35.0,35.0,3868500
20090806,34.0,35.0,34.0,34.0,3767400
20090807,35.0,35.0,34.0,34.0,4212200
20090810,34.0,35.0,34.0,34.0,4082600
20090811,34.0,35.0,34.0,35.0,3276600
20090812,35.0,35.0,34.0,34.0,4260600
20090813,34.0,36.0,34.0,35.0,8777100
20090814,35.0,35.0,34.0,34.0,3788400
20090817,34.0,35.0,34.0,34.0,6299800
20090818,34.0,34.0,34.0,34.0,4454700
20090819,34.0,34.0,34.0,34.0,2540900
20090820,34.0,34.0,34.0,34.0,5126600
20090821,34.0,34.0,33.0,33.0,3476300
20090824,34.0,34.0,34.0,34.0,2373300
20090825,34.0,34.0,34.0,34.0,2882100
20090826,34.0,35.0,34.0,34.0,3793600
20090827,34.0,36.0,34.0,35.0,8535900
20090828,36.0,37.0,35.0,35.0,5998900
20090831,35.0,37.0,35.0,36.0,7432300
20090901,35.0,36.0,34.0,34.0,10299700
20090902,34.0,34.0,33.0,34.0,6720900
20090903,34.0,34.0,34.0,34.0,4492100
20090904,34.0,35.0,34.0,34.0,3646800
