20000613,196.06,196.06,185.79,190.37,610482,0
20000614,191.29,193.12,188.52,192.20,761238,0
20000615,194.02,194.94,192.20,193.12,602097,0
20000616,192.20,192.20,189.45,190.37,330225,0
20000619,190.37,193.12,187.62,192.20,408617,0
20000620,192.20,194.02,191.29,192.20,406667,0
20000621,192.20,194.02,192.20,193.12,323575,0
20000622,194.02,195.87,194.02,194.94,294485,0
20000623,195.87,198.60,195.87,198.60,241385,0
20000626,200.44,202.26,197.70,201.36,307670,0
20000627,202.26,208.68,202.26,208.68,443915,0
20000628,209.57,214.16,208.68,210.50,370494,0
20000629,213.24,214.16,212.33,213.24,151170,0
20000630,214.16,214.16,206.85,209.57,224969,0
20000703,207.76,209.57,205.01,208.68,292886,0
20000704,210.50,210.50,205.92,205.92,306392,0
20000705,205.92,206.85,204.09,205.92,211805,0
20000706,204.09,205.01,202.26,205.01,249445,0
20000707,204.09,205.92,204.09,205.92,194386,0
20000710,206.85,206.85,201.36,201.36,159979,0
20000711,204.09,205.92,202.26,205.92,194120,0
20000712,205.92,206.85,205.92,206.85,221256,0
20000713,206.85,208.68,205.92,205.92,172688,0
20000714,205.92,206.85,204.09,205.92,123725,0
20000717,205.92,205.92,201.36,203.19,183986,0
20000718,204.09,204.09,200.44,200.44,351193,0
20000719,200.44,201.36,198.60,199.52,304174,0
20000720,200.44,200.44,197.70,199.52,241939,0
20000721,198.60,200.44,198.60,198.60,169590,0
20000724,198.42,198.60,197.70,197.70,197810,0
20000725,197.70,200.44,196.78,200.44,147273,0
20000726,200.44,202.26,200.44,202.26,197480,0
20000727,200.44,203.19,200.44,203.19,201822,0
20000728,202.17,204.09,201.36,204.09,137245,0
20000731,202.54,202.54,199.52,199.52,216389,0
20000801,200.90,201.36,199.52,200.44,93710,0
20000802,200.44,200.44,198.60,198.60,158185,0
20000803,197.32,200.44,197.32,198.60,159690,0
20000804,198.60,198.60,197.70,198.60,193015,0
20000807,197.70,198.60,196.78,198.60,144080,0
20000808,198.60,198.60,196.78,196.78,116080,0
20000809,196.78,199.52,196.78,199.52,102873,0
20000810,199.52,201.36,199.52,199.52,101027,0
20000811,200.44,201.36,199.52,200.44,69200,0
20000814,200.44,201.36,199.52,200.44,178200,0
20000815,200.44,200.44,199.52,200.44,114200,0
20000816,200.44,201.36,198.60,200.44,113550,0
20000817,200.44,201.36,199.52,200.44,271809,0
20000818,199.52,201.36,199.52,201.36,49700,0
20000821,199.52,201.36,199.52,201.36,139650,0
20000822,199.52,201.36,199.52,201.36,63300,0
20000823,201.36,201.36,199.52,200.44,95500,0
20000824,200.44,200.44,197.70,197.70,146635,0
20000825,198.60,207.76,198.60,207.76,947938,0
20000828,207.76,212.33,206.85,208.68,1189865,0
20000829,209.57,221.47,208.68,215.79,2070754,0
20000830,215.07,215.99,210.50,210.50,813645,0
20000831,210.50,213.24,210.50,210.50,213530,0
20000901,211.42,215.99,211.42,214.16,173442,0
20000904,215.07,219.66,215.07,219.66,214333,0
20000905,218.38,218.75,216.90,217.81,181705,0
20000906,217.81,217.81,211.42,211.42,59428,0
20000907,212.33,215.99,212.33,213.24,99169,0
20000908,212.33,215.99,212.33,215.07,91831,0
20000911,215.07,216.90,215.07,216.90,154524,0
20000912,215.07,216.90,214.16,214.16,164435,0
20000913,215.07,215.07,209.57,211.42,178175,0
20000914,210.50,212.33,209.57,211.42,147458,0
20000915,207.76,210.50,205.92,207.76,41904,0
20000918,207.76,209.57,205.92,208.68,68344,0
20000919,207.76,208.68,205.92,205.92,121331,0
20000920,205.92,207.76,205.01,207.76,65586,0
20000921,207.49,210.50,207.49,210.50,79723,0
20000922,207.76,208.68,207.76,207.76,23217,0
20000925,207.59,210.50,207.59,210.50,44301,0
20000926,208.68,211.42,208.68,211.42,124051,0
20000927,209.57,209.57,208.68,208.68,222280,0
20000928,210.50,211.42,210.50,210.50,88549,0
20000929,210.50,211.42,209.57,210.50,181075,0
20001002,208.68,208.68,208.68,208.68,53000,0
20001003,209.57,211.42,208.68,210.50,203076,0
20001004,210.50,210.50,208.68,208.68,85008,0
20001005,208.68,209.57,207.76,208.68,96999,0
20001006,207.76,208.68,205.92,205.92,77738,0
20001009,205.92,208.68,205.92,208.68,85072,0
20001010,208.68,209.57,205.92,207.76,338747,0
20001011,207.76,211.42,207.76,210.50,336454,0
20001012,211.69,216.90,207.76,216.90,346751,0
20001013,214.16,217.81,210.50,215.99,199696,0
20001016,215.99,216.90,215.07,215.99,91432,0
20001017,215.07,215.99,213.24,215.07,67792,0
20001018,215.07,218.75,215.07,216.90,95088,0
20001019,216.90,221.47,216.90,221.47,156799,0
20001020,220.56,228.80,220.56,228.80,212282,0
20001023,226.98,229.73,225.15,228.80,254923,0
20001024,226.98,229.73,226.98,227.79,109801,0
20001025,228.80,229.73,227.89,228.80,241220,0
20001026,228.80,231.55,226.07,226.98,278825,0
20001027,226.34,228.80,225.15,227.89,131846,0
20001030,228.80,228.80,226.07,226.07,145674,0
20001031,226.98,228.80,226.98,228.80,157521,0
20001101,228.80,228.80,227.89,228.71,182772,0
20001102,228.80,232.46,228.80,232.46,138528,0
20001103,232.92,240.71,232.46,237.96,151103,0
20001106,237.96,237.96,230.65,233.39,126701,0
20001107,236.12,237.04,234.30,236.12,66661,0
20001108,236.12,237.04,232.46,233.39,126943,0
20001109,234.30,237.96,233.39,235.20,121295,0
20001110,235.20,239.79,233.39,237.04,180845,0
20001113,237.96,241.62,237.04,239.79,117237,0
20001114,239.79,245.28,239.79,245.28,147270,0
20001115,245.28,250.77,245.28,247.11,254708,0
20001116,248.03,248.94,245.28,245.28,59107,0
20001117,246.19,247.11,237.96,237.96,44766,0
20001120,237.96,238.86,233.39,236.12,47370,0
20001121,233.39,236.12,233.39,234.30,60330,0
20001122,235.20,236.12,233.39,235.20,88306,0
20001123,235.20,236.12,231.55,231.55,186930,0
20001124,230.65,230.65,227.89,228.80,98395,0
20001127,228.80,228.80,225.15,228.80,161639,0
20001128,228.34,228.34,210.50,215.07,438158,0
20001129,211.78,219.66,211.78,215.07,89342,0
20001130,219.66,222.42,219.66,222.42,47694,0
20001201,222.42,228.80,222.42,227.89,135104,0
20001204,221.47,224.23,217.81,222.42,47083,0
20001205,222.13,226.98,222.13,223.22,136826,0
20001206,224.23,229.73,224.23,228.80,151331,0
20001207,226.07,234.30,226.07,231.55,158955,0
20001208,233.83,236.12,225.15,225.15,99291,0
20001211,224.23,237.04,224.23,228.80,119631,0
20001212,234.30,241.62,231.55,231.55,246455,0
20001213,232.46,239.79,232.46,238.86,280717,0
20001214,237.96,242.90,237.96,242.90,91461,0
20001215,243.45,243.45,241.62,242.53,99695,0
20001218,242.81,244.36,237.96,242.53,62620,0
20001219,244.36,245.28,242.53,245.28,258884,0
20001220,237.96,237.96,224.23,235.20,372342,0
20001221,225.15,228.80,223.32,225.15,237246,0
20001222,226.98,228.80,219.66,219.66,152651,0
20001225,219.66,219.66,219.66,219.66,0,0
20001226,219.66,219.66,219.66,219.66,0,0
20001227,221.04,228.80,221.04,225.15,66611,0
20001228,227.89,228.80,225.15,225.15,74080,0
20001229,226.98,230.65,225.15,228.44,335173,0
20010101,228.44,228.44,228.44,228.44,0,0
20010102,229.73,231.55,226.07,231.55,29225,0
20010103,224.23,228.80,224.23,228.80,39450,0
20010104,234.21,235.20,226.98,228.80,62689,0
20010105,227.89,232.46,226.07,226.07,70143,0
20010108,226.07,230.65,226.07,226.98,22500,0
20010109,226.98,227.89,226.98,226.98,33662,0
20010110,226.98,232.46,226.98,231.55,51016,0
20010111,233.39,237.96,233.39,237.04,126508,0
20010112,237.96,237.96,236.12,236.12,32075,0
20010115,236.12,237.04,233.39,234.30,59448,0
20010116,234.30,234.30,229.73,232.46,46386,0
20010117,230.65,234.30,230.65,234.30,110327,0
20010118,235.20,242.53,234.30,241.62,240153,0
20010119,242.53,242.53,228.80,228.80,134824,0
20010122,228.80,237.96,228.80,233.39,115984,0
20010123,233.39,235.20,232.46,233.47,40979,0
20010124,228.80,230.65,227.89,228.80,133636,0
20010125,228.80,229.73,226.98,228.80,245258,0
20010126,228.80,228.80,228.80,228.80,0,0
20010129,228.80,228.80,226.98,226.98,137768,0
20010130,228.80,229.73,226.07,227.89,180516,0
20010131,228.80,228.80,226.98,226.98,234264,0
20010201,226.98,228.80,226.98,226.98,200156,0
20010202,226.98,228.80,226.98,228.80,51760,0
20010205,228.80,228.80,226.98,228.80,58734,0
20010206,227.89,228.80,224.23,224.23,119319,0
20010207,226.98,226.98,225.15,226.07,94824,0
20010208,226.07,226.98,225.15,225.15,135522,0
20010209,225.15,225.15,224.23,225.15,94871,0
20010212,224.23,226.98,222.42,226.98,83202,0
20010213,225.15,227.89,223.32,223.32,188600,0
20010214,224.23,224.23,217.81,219.66,114600,0
20010215,219.66,223.32,217.81,222.42,64092,0
20010216,222.42,222.42,217.81,219.66,104482,0
20010219,219.66,222.42,219.66,219.66,66763,0
20010220,220.12,221.47,219.66,220.56,118913,0
20010221,219.66,221.47,219.66,221.47,44933,0
20010222,221.47,223.32,220.56,223.32,39996,0
20010223,223.32,223.32,218.75,218.75,255578,0
20010226,218.75,219.66,217.81,218.75,86603,0
20010227,219.66,219.66,215.07,215.07,97755,0
20010228,215.99,219.66,215.99,219.66,67109,0
20010301,219.66,219.66,218.75,219.66,52960,0
20010302,221.47,226.98,220.56,221.47,150624,0
20010305,224.23,228.80,221.47,221.47,69615,0
20010306,221.57,226.56,221.57,223.80,364342,0
20010307,225.64,232.14,224.73,231.19,174079,0
20010308,232.56,233.05,229.34,232.22,51413,0
20010309,230.26,231.19,226.56,228.42,119201,0
20010312,226.56,229.34,226.56,226.56,46503,0
20010313,226.56,231.19,225.64,227.49,115857,0
20010314,227.49,230.26,223.80,227.49,116264,0
20010315,225.64,230.26,224.73,225.64,167804,0
20010316,226.22,230.26,226.22,228.42,94945,0
20010319,228.42,230.26,227.49,227.49,66585,0
20010320,228.42,230.26,227.49,228.42,70913,0
20010321,228.42,231.19,228.42,231.19,140579,0
20010322,231.19,231.19,227.49,229.34,81234,0
20010323,227.49,233.05,226.56,231.19,138739,0
20010326,229.63,231.19,227.49,229.34,210725,0
20010327,229.34,231.19,228.42,229.34,130799,0
20010328,229.82,234.89,229.82,234.89,149790,0
20010329,234.89,235.84,229.34,235.84,191264,0
20010330,231.19,233.05,223.71,223.71,234405,0
20010402,226.94,233.05,226.94,228.86,153763,0
20010403,229.63,234.89,229.34,231.19,126537,0
20010404,229.34,232.14,229.34,231.19,85089,0
20010405,230.26,232.14,229.34,230.26,96632,0
20010406,233.05,235.84,231.19,231.19,112455,0
20010409,233.05,235.84,231.19,235.84,42421,0
20010410,235.84,235.84,232.14,232.14,112212,0
20010411,233.05,233.96,229.34,231.19,355123,0
20010412,231.19,231.19,230.26,231.19,105277,0
20010413,231.19,231.19,231.19,231.19,0,0
20010416,231.19,231.19,231.19,231.19,0,0
20010417,230.26,231.19,226.56,226.56,177349,0
20010418,231.19,233.96,231.19,233.05,137518,0
20010419,233.05,234.89,233.05,234.89,89208,0
20010420,235.84,235.84,232.14,235.84,66004,0
20010423,237.67,237.67,232.14,233.05,98982,0
20010424,231.76,236.74,231.19,236.74,84787,0
20010425,236.74,236.74,236.74,236.74,0,0
20010426,236.17,236.17,233.05,234.89,111967,0
20010427,233.05,233.96,231.19,233.05,125792,0
20010430,231.19,233.05,229.34,230.26,123947,0
20010501,230.26,231.19,229.34,229.34,94357,0
20010502,230.26,234.89,229.34,229.34,261565,0
20010503,229.34,231.19,227.49,227.49,66408,0
20010504,227.49,231.19,227.49,231.19,13992,0
20010507,230.26,233.96,229.34,233.96,53595,0
20010508,233.23,233.23,229.34,230.26,99751,0
20010509,230.26,232.14,230.26,232.14,66972,0
20010510,233.05,233.96,232.14,232.14,93712,0
20010511,232.14,233.05,229.34,229.34,130197,0
20010514,229.82,233.96,229.82,233.05,136031,0
20010515,233.96,235.84,233.05,235.84,99467,0
20010516,233.51,233.96,232.14,233.05,53990,0
20010517,233.96,237.67,231.19,231.19,115474,0
20010518,231.66,237.67,231.66,237.67,94047,0
20010521,237.67,242.28,237.67,237.67,71837,0
20010522,237.67,242.28,237.67,239.53,80393,0
20010523,239.53,243.23,234.89,234.89,62432,0
20010524,234.89,240.44,233.96,239.53,46858,0
20010525,239.53,239.53,233.96,238.58,29877,0
20010528,238.58,244.13,238.58,244.13,53458,0
20010529,243.23,244.13,239.53,240.44,49530,0
20010530,243.23,243.23,240.44,241.37,75723,0
20010531,242.03,245.06,241.37,244.13,173114,0
20010601,244.13,246.91,242.28,242.28,107968,0
20010604,244.62,246.48,240.89,244.70,73717,0
20010605,242.74,244.62,240.89,244.62,104272,0
20010606,244.62,244.62,238.08,238.08,73682,0
20010607,238.72,241.82,237.16,241.82,86069,0
20010608,239.94,239.94,235.28,235.28,118021,0
20010611,235.28,235.28,235.28,235.28,0,0
20010612,234.98,236.20,219.40,221.45,192268,0
20010613,224.65,225.02,221.27,221.27,104093,0
20010614,221.27,224.06,220.35,224.06,164132,0
20010615,224.06,224.06,222.22,223.13,348905,0
20010618,222.22,225.02,222.22,223.13,154576,0
20010619,224.06,228.73,222.22,223.13,119326,0
20010620,221.27,226.87,221.27,225.95,174063,0
20010621,225.02,225.95,223.13,225.02,77254,0
20010622,226.87,228.73,223.13,225.47,80766,0
20010625,224.06,224.06,222.22,223.13,115936,0
20010626,221.18,222.22,218.48,218.48,357245,0
20010627,221.27,224.06,216.61,223.13,256269,0
20010628,221.08,224.06,217.54,218.48,167850,0
20010629,220.25,234.53,220.25,234.53,384898,0
20010702,222.22,231.54,222.22,227.15,226699,0
20010703,228.73,228.73,225.95,226.87,108954,0
20010704,228.73,229.69,225.02,226.87,120593,0
20010705,227.80,229.69,224.06,228.73,99821,0
20010706,226.87,226.87,222.22,223.13,164263,0
20010709,223.13,225.95,221.27,224.06,116150,0
20010710,223.13,223.13,219.40,219.40,104103,0
20010711,221.92,223.13,216.61,222.22,259124,0
20010712,222.22,222.22,217.54,218.48,152600,0
20010713,220.35,223.13,219.40,219.40,94725,0
20010716,219.88,224.06,219.40,224.06,70867,0
20010717,224.06,232.47,224.06,229.69,222782,0
20010718,230.71,235.28,230.71,233.42,189158,0
20010719,233.42,242.74,233.42,238.08,133640,0
20010720,235.28,242.74,233.42,239.94,134016,0
20010723,239.10,239.94,235.28,238.08,90222,0
20010724,236.20,237.16,232.47,232.47,120318,0
20010725,232.47,235.28,231.54,231.54,120888,0
20010726,233.33,235.28,233.33,233.42,58998,0
20010727,235.28,238.08,233.42,233.42,93545,0
20010730,234.16,239.01,231.54,238.08,94550,0
20010731,238.08,239.01,235.28,238.08,67947,0
20010801,238.18,240.89,238.08,239.94,155550,0
20010802,239.94,240.89,239.01,239.94,113151,0
20010803,238.08,240.89,238.08,240.89,407458,0
20010806,239.94,240.89,237.16,240.89,96550,0
20010807,240.13,242.74,239.94,242.74,76365,0
20010808,242.74,242.74,239.94,242.74,147191,0
20010809,243.14,244.62,240.89,241.82,100749,0
20010810,241.72,242.74,236.20,236.20,91686,0
20010813,237.16,242.74,237.16,239.94,68195,0
20010814,239.10,241.82,238.08,239.01,66924,0
20010815,238.08,242.74,238.08,242.74,73425,0
20010816,239.01,239.94,238.08,238.08,51459,0
20010817,238.08,239.94,233.42,233.42,449677,0
20010820,233.42,233.42,232.47,233.42,119507,0
20010821,233.42,235.28,231.54,235.28,70740,0
20010822,235.28,236.20,234.35,234.35,30676,0
20010823,234.35,237.16,233.42,233.42,36519,0
20010824,234.35,234.35,233.42,233.42,45970,0
20010827,232.47,237.16,232.47,234.35,127596,0
20010828,234.35,236.20,233.42,235.28,108437,0
20010829,233.42,235.28,231.54,231.54,66989,0
20010830,232.47,234.35,231.54,233.42,27234,0
20010831,232.65,233.96,230.63,233.96,58411,0
20010903,235.86,236.20,232.47,234.35,77525,0
20010904,234.35,236.20,233.42,234.35,60976,0
20010905,233.42,233.42,229.69,231.54,141412,0
20010906,233.42,242.74,229.69,242.74,243464,0
20010907,238.91,238.91,232.37,233.59,82552,0
20010910,231.71,234.24,230.49,231.41,160411,0
20010911,231.41,231.41,229.55,229.55,158739,0
20010912,228.14,235.16,228.14,235.16,230743,0
20010913,235.16,237.98,232.37,234.24,86606,0
20010914,234.24,235.16,232.37,234.24,140231,0
20010917,232.37,234.24,226.73,230.49,232956,0
20010918,229.55,234.24,229.55,231.41,210745,0
20010919,231.41,233.30,227.65,229.55,207657,0
20010920,228.63,231.41,222.97,223.93,187907,0
20010921,222.97,226.73,220.18,221.11,204746,0
20010924,220.65,222.05,215.49,219.23,249528,0
20010925,220.18,220.18,211.74,213.62,509952,0
20010926,215.49,222.05,215.49,221.11,193723,0
20010927,220.18,221.11,214.09,214.09,272547,0
20010928,221.11,223.93,216.43,216.43,336067,0
20011001,222.97,222.97,220.18,222.97,143594,0
20011002,223.93,223.93,219.23,220.28,292954,0
20011003,222.52,227.65,222.52,227.65,161435,0
20011004,226.73,226.73,224.88,226.73,174172,0
20011005,225.81,232.37,225.81,228.63,104613,0
20011008,226.73,228.63,225.81,225.81,171780,0
20011009,225.81,228.63,225.81,228.63,170078,0
20011010,228.63,229.55,228.63,228.63,125497,0
20011011,229.46,234.24,229.46,234.24,363751,0
20011012,234.24,234.24,229.55,234.24,114861,0
20011015,233.30,234.24,229.55,234.24,205648,0
20011016,234.24,234.24,230.49,234.24,73460,0
20011017,234.24,234.24,229.55,229.55,162338,0
20011018,234.81,234.81,229.55,231.41,77346,0
20011019,233.30,234.24,230.49,231.41,70377,0
20011022,231.89,234.24,231.41,233.30,98068,0
20011023,233.30,234.24,226.73,226.73,278726,0
20011024,229.55,231.41,227.65,228.63,103537,0
20011025,229.55,233.30,229.55,233.30,76134,0
20011026,233.30,234.24,232.37,232.37,114084,0
20011029,232.37,235.16,232.37,234.61,93589,0
20011030,234.24,236.11,234.24,236.11,97654,0
20011031,234.24,235.16,232.37,232.37,185003,0
20011101,234.24,235.16,232.37,232.37,157645,0
20011102,236.11,236.11,232.37,232.37,69883,0
20011105,234.24,235.16,234.24,235.16,47750,0
20011106,235.16,236.11,234.24,236.11,53586,0
20011107,237.05,238.91,237.05,237.98,84586,0
20011108,237.98,240.80,237.98,239.85,78195,0
20011109,239.85,240.80,237.05,237.98,81259,0
20011112,238.91,240.80,237.05,240.80,99645,0
20011113,238.91,239.85,235.16,235.16,109797,0
20011114,235.84,239.85,234.24,234.24,192412,0
20011115,234.24,243.60,234.24,241.73,263441,0
20011116,241.73,243.60,239.85,243.60,110310,0
20011119,243.60,246.40,242.67,246.40,120874,0
20011120,246.40,248.30,245.48,248.30,121752,0
20011121,246.40,247.35,243.60,243.60,111146,0
20011122,243.60,248.30,243.60,248.30,71834,0
20011123,246.40,248.30,246.40,247.35,49056,0
20011126,248.30,250.15,247.35,250.15,94852,0
20011127,250.15,250.15,247.35,249.24,90841,0
20011128,249.24,250.15,243.60,243.60,203048,0
20011129,243.60,247.35,242.67,245.48,231846,0
20011130,244.54,245.48,240.80,240.80,129369,0
20011203,241.64,242.68,237.02,237.02,114547,0
20011204,238.90,241.74,238.90,241.74,180115,0
20011205,239.57,241.74,238.90,240.80,54987,0
20011206,239.85,241.74,237.96,237.96,183916,0
20011207,237.78,242.68,237.78,242.68,122582,0
20011210,243.26,247.40,243.26,244.58,131053,0
20011211,242.68,242.68,237.96,237.96,77002,0
20011212,237.02,239.85,236.08,236.08,143768,0
20011213,237.02,238.90,237.02,238.90,73360,0
20011214,237.02,240.80,237.02,238.90,91902,0
20011217,238.60,242.68,238.60,240.80,72676,0
20011218,240.80,240.80,237.96,239.85,248458,0
20011219,239.94,243.62,237.96,240.80,97352,0
20011220,240.80,241.74,237.96,238.90,127556,0
20011221,239.85,242.68,237.96,242.68,147896,0
20011224,242.68,243.62,239.85,243.62,36666,0
20011225,243.62,243.62,243.62,243.62,0,0
20011226,243.62,243.62,243.62,243.62,0,0
20011227,243.62,245.52,243.62,245.52,41215,0
20011228,245.52,245.52,245.52,245.52,40039,0
20011231,245.72,245.72,242.68,242.68,118988,0
20020101,242.68,242.68,242.68,242.68,0,0
20020102,242.68,246.45,242.68,246.45,37577,0
20020103,247.40,249.31,241.74,241.74,198349,0
20020104,242.39,245.52,241.74,243.62,33496,0
20020107,244.58,245.52,243.62,245.52,70077,0
20020108,245.52,249.31,245.52,249.31,125406,0
20020109,248.35,249.31,244.58,244.58,99961,0
20020110,244.58,245.52,243.62,245.52,98289,0
20020111,245.52,247.40,244.58,244.58,55100,0
20020114,244.58,245.52,243.62,244.58,60522,0
20020115,243.62,246.45,243.62,246.45,100414,0
20020116,246.45,249.40,246.45,249.40,86015,0
20020117,248.35,249.31,245.52,247.40,96520,0
20020118,247.40,248.35,244.58,245.52,77338,0
20020121,248.35,249.31,246.45,248.35,38404,0
20020122,248.35,249.31,245.52,245.52,141746,0
20020123,245.52,249.31,245.52,248.35,71283,0
20020124,248.35,249.31,244.58,248.35,144011,0
20020125,247.40,247.40,243.62,243.62,94689,0
20020128,243.62,243.62,243.62,243.62,0,0
20020129,243.62,244.58,240.80,240.80,141940,0
20020130,241.74,247.40,240.80,242.68,97408,0
20020131,242.68,247.40,240.80,247.40,41723,0
20020201,247.59,247.59,240.80,240.80,53798,0
20020204,240.80,242.68,238.90,242.68,101198,0
20020205,242.68,246.45,240.80,245.52,76005,0
20020206,245.52,246.45,241.74,243.62,70163,0
20020207,245.52,246.45,241.74,241.74,90081,0
20020208,244.58,247.40,244.58,246.45,120655,0
20020211,246.45,246.45,243.62,246.45,55199,0
20020212,245.52,247.40,245.52,246.45,102491,0
20020213,245.52,246.45,244.58,246.45,103417,0
20020214,246.45,246.45,245.52,245.52,75260,0
20020215,245.52,246.45,245.52,246.45,40187,0
20020218,246.45,246.45,245.52,246.45,82650,0
20020219,246.45,246.45,242.68,244.58,90252,0
20020220,244.58,244.58,243.62,243.62,90440,0
20020221,244.58,246.45,244.58,246.45,68323,0
20020222,245.52,246.45,245.52,246.45,76106,0
20020225,246.45,246.45,245.52,245.52,24241,0
20020226,245.52,247.40,245.52,246.27,69485,0
20020227,245.52,246.45,241.74,241.74,117990,0
20020228,241.74,246.45,241.74,245.52,35933,0
20020301,245.52,247.40,243.62,245.52,58979,0
20020304,246.45,246.45,241.74,245.52,77901,0
20020305,245.52,245.52,241.74,244.58,195234,0
20020306,243.62,243.62,241.74,241.74,72150,0
20020307,241.74,244.58,240.80,244.58,129682,0
20020308,243.62,245.52,243.62,245.52,82045,0
20020311,245.52,247.40,244.58,244.58,118392,0
20020312,249.79,249.79,242.67,242.67,58503,0
20020313,242.67,245.52,241.71,241.71,60169,0
20020314,242.37,242.67,236.01,239.81,47198,0
20020315,239.62,242.67,238.85,242.67,51061,0
20020318,242.67,242.67,239.81,241.71,37847,0
20020319,240.76,244.57,240.76,244.57,36011,0
20020320,242.67,242.67,237.91,237.91,62431,0
20020321,237.91,239.81,234.10,235.04,82114,0
20020322,235.04,238.85,235.04,238.85,46435,0
20020325,236.96,239.81,236.01,237.91,51241,0
20020326,237.91,240.76,236.01,237.91,71768,0
20020327,237.91,237.91,236.01,236.96,136680,0
20020328,233.14,235.04,233.14,234.10,113866,0
20020329,234.10,234.10,234.10,234.10,0,0
20020401,234.10,234.10,234.10,234.10,0,0
20020402,236.01,236.96,234.10,234.10,56340,0
20020403,234.10,237.91,231.25,231.25,69873,0
20020404,231.25,231.25,229.34,230.29,44594,0
20020405,231.25,233.14,229.34,229.34,130927,0
20020408,234.10,234.10,228.39,232.20,93837,0
20020409,231.25,232.20,227.44,231.25,97023,0
20020410,230.29,236.01,229.34,236.01,87776,0
20020411,236.01,241.71,236.01,241.71,116838,0
20020412,238.85,242.67,237.91,241.71,113228,0
20020415,237.91,242.67,237.91,242.67,63772,0
20020416,241.71,241.71,238.85,241.71,63868,0
20020417,240.76,242.67,239.81,239.81,73298,0
20020418,239.81,241.71,239.81,240.76,45995,0
20020419,240.76,241.71,238.85,238.85,60636,0
20020422,238.85,241.71,238.85,241.71,100590,0
20020423,241.71,242.67,239.81,240.76,43165,0
20020424,239.81,241.71,239.81,240.76,49097,0
20020425,240.76,240.76,240.76,240.76,0,0
20020426,240.76,242.67,240.76,240.76,80435,0
20020429,241.71,243.62,241.71,242.67,163322,0
20020430,242.67,243.62,238.85,241.71,215142,0
20020501,239.81,240.76,238.85,238.85,53211,0
20020502,237.91,237.91,235.04,235.04,138824,0
20020503,236.96,236.96,235.04,235.04,49832,0
20020506,234.10,238.85,233.14,236.96,89426,0
20020507,234.10,237.91,234.10,236.96,42558,0
20020508,236.96,238.85,236.01,236.01,49935,0
20020509,236.96,236.96,233.14,233.14,57896,0
20020510,233.14,234.10,232.20,232.20,195095,0
20020513,231.25,231.25,228.39,228.39,138157,0
20020514,228.39,229.34,228.39,229.34,93026,0
20020515,232.20,232.20,228.39,230.29,79735,0
20020516,231.25,236.01,231.25,233.14,73220,0
20020517,233.14,237.91,231.25,237.91,36369,0
20020520,237.91,237.91,233.14,235.04,33566,0
20020521,235.04,235.04,233.14,233.14,35428,0
20020522,233.14,234.10,230.29,232.20,108213,0
20020523,232.20,232.20,230.29,231.25,21630,0
20020524,231.25,234.10,230.29,233.14,28250,0
20020527,233.14,236.01,230.29,236.01,50159,0
20020528,233.14,235.04,230.29,233.14,28979,0
20020529,232.20,233.14,230.29,230.29,80802,0
20020530,230.29,233.14,230.29,231.25,82183,0
20020531,232.20,234.10,232.20,234.10,55299,0
20020603,234.99,241.72,234.99,241.72,415115,0
20020604,239.81,240.76,235.97,239.81,175916,0
20020605,239.81,240.76,235.97,240.76,440998,0
20020606,241.72,241.72,231.18,233.08,58267,0
20020607,232.14,237.88,232.14,234.99,44512,0
20020610,234.99,234.99,234.99,234.99,0,0
20020611,234.99,234.99,233.08,233.08,51260,0
20020612,234.04,237.88,232.14,234.04,48896,0
20020613,234.04,234.99,231.18,231.18,61682,0
20020614,232.14,234.99,232.14,234.99,37954,0
20020617,234.99,234.99,232.14,232.14,42646,0
20020618,234.04,234.99,228.29,228.29,110765,0
20020619,232.14,234.04,231.18,232.14,42462,0
20020620,232.14,233.08,230.21,232.14,111472,0
20020621,231.18,233.08,231.18,232.14,60764,0
20020624,233.08,234.99,233.08,234.04,150674,0
20020625,233.08,234.04,230.21,232.14,184821,0
20020626,231.18,232.14,229.24,230.21,102156,0
20020627,230.21,231.18,226.38,226.38,87502,0
20020628,227.33,233.08,225.41,225.41,442842,0
20020701,228.29,230.21,227.33,230.21,65069,0
20020702,230.21,230.21,226.38,226.38,23960,0
20020703,227.33,229.24,226.38,227.33,95957,0
20020704,227.33,230.21,226.38,226.38,69521,0
20020705,226.38,230.21,226.38,229.24,67168,0
20020708,229.24,230.21,227.33,227.33,74597,0
20020709,226.38,230.21,226.38,230.21,66402,0
20020710,227.33,230.21,226.38,229.24,47164,0
20020711,226.38,229.24,226.38,227.33,28548,0
20020712,227.33,229.24,225.41,228.29,59992,0
20020715,228.29,228.29,226.38,227.33,93911,0
20020716,227.33,230.21,222.53,222.53,225464,0
20020717,223.49,225.41,221.57,221.57,149385,0
20020718,221.57,223.49,221.57,222.53,200310,0
20020719,224.46,224.46,221.57,222.53,319754,0
20020722,221.57,228.29,221.57,227.33,203589,0
20020723,228.29,229.24,224.46,225.41,181879,0
20020724,226.38,230.21,226.38,230.21,163003,0
20020725,229.24,231.18,227.33,231.18,137245,0
20020726,230.21,232.14,228.29,228.29,60558,0
20020729,228.29,232.14,227.33,232.14,58513,0
20020730,232.14,232.14,226.38,226.38,98119,0
20020731,226.38,228.29,225.41,225.41,73177,0
20020801,225.41,230.21,225.41,230.21,84270,0
20020802,228.29,232.14,228.29,232.14,119504,0
20020805,232.14,233.08,226.38,226.38,57091,0
20020806,226.38,228.29,224.46,224.46,76384,0
20020807,225.41,230.21,225.41,230.21,36103,0
20020808,231.18,233.08,227.33,227.33,106640,0
20020809,228.29,232.14,227.33,230.21,119086,0
20020812,231.18,231.18,230.21,230.21,59739,0
20020813,230.21,232.14,230.21,231.18,96914,0
20020814,230.21,233.08,230.21,233.08,23060,0
20020815,233.08,234.04,230.21,231.18,77831,0
20020816,233.08,234.99,231.18,234.99,56358,0
20020819,234.04,234.04,231.18,232.14,126004,0
20020820,232.14,234.04,230.21,230.21,194556,0
20020821,231.18,234.99,230.21,230.21,77848,0
20020822,231.18,233.08,230.21,233.08,58399,0
20020823,234.04,234.04,231.18,233.08,15267,0
20020826,231.18,234.04,231.18,233.08,64256,0
20020827,232.14,234.04,231.18,234.04,102797,0
20020828,234.04,234.04,230.21,230.21,69240,0
20020829,230.21,232.14,228.29,230.21,37171,0
20020830,230.21,232.14,230.21,232.14,55481,0
20020902,233.08,234.04,231.18,231.18,36156,0
20020903,231.18,233.08,230.21,232.14,49816,0
20020904,232.14,234.04,229.24,229.24,62987,0
20020905,230.21,237.88,230.21,234.99,126266,0
20020906,237.88,237.88,232.14,236.93,118057,0
20020909,237.88,241.72,235.97,241.72,249634,0
20020910,234.99,236.93,234.04,234.99,69024,0
20020911,236.93,240.76,235.97,236.93,143850,0
20020912,239.81,239.81,236.93,237.88,37828,0
20020913,237.88,237.88,234.04,235.97,87508,0
20020916,237.88,239.81,236.93,239.81,118296,0
20020917,239.81,240.76,236.93,237.88,99847,0
20020918,237.88,239.81,237.88,239.81,122517,0
20020919,239.81,241.72,239.81,240.76,103274,0
20020920,239.81,240.76,238.83,240.76,91108,0
20020923,240.76,240.76,238.83,238.83,93868,0
20020924,237.88,239.81,236.93,238.83,117650,0
20020925,238.83,242.68,237.88,241.72,205172,0
20020926,240.76,242.68,239.81,241.72,144374,0
20020927,240.76,244.60,239.81,244.60,66919,0
20020930,236.93,244.60,236.93,244.60,400963,0
20021001,244.60,244.60,237.88,243.63,251209,0
20021002,244.60,250.35,243.63,249.40,289314,0
20021003,248.43,249.40,245.56,246.51,265285,0
20021004,247.47,249.40,246.51,249.40,155934,0
20021007,249.40,250.35,247.47,249.40,86359,0
20021008,248.43,249.40,245.56,245.56,95943,0
20021009,245.56,249.40,244.60,248.43,50240,0
20021010,247.47,248.43,244.60,245.56,118309,0
20021011,246.51,246.51,244.60,244.60,94815,0
20021014,243.63,244.60,242.68,244.60,36063,0
20021015,244.60,245.56,241.72,243.63,196102,0
20021016,243.63,244.60,242.68,243.63,255015,0
20021017,243.63,245.56,243.63,244.60,145833,0
20021018,244.60,244.60,243.63,244.60,129293,0
20021021,243.63,245.56,243.63,244.60,111452,0
20021022,244.60,246.51,244.60,245.56,72407,0
20021023,245.56,246.51,244.60,246.51,56088,0
20021024,245.56,245.56,244.60,244.60,71896,0
20021025,246.51,248.43,244.60,246.51,83136,0
20021028,246.51,248.43,246.51,248.43,113796,0
20021029,248.43,249.40,247.47,249.40,147790,0
20021030,249.40,251.31,247.47,251.31,140439,0
20021031,251.31,254.19,250.35,253.23,81107,0
20021101,251.31,251.31,247.47,249.40,80352,0
20021104,249.40,254.19,249.40,254.19,89746,0
20021105,256.10,257.07,254.19,256.10,67906,0
20021106,256.10,258.02,254.19,254.19,79408,0
20021107,254.19,258.02,252.26,254.19,76365,0
20021108,255.14,255.14,252.26,253.23,71053,0
20021111,255.14,255.14,251.31,251.31,31622,0
20021112,252.26,254.19,249.40,254.19,140401,0
20021113,251.31,253.23,251.31,251.31,122864,0
20021114,252.26,254.19,252.26,253.23,95524,0
20021115,254.19,254.19,250.35,253.23,265342,0
20021118,253.23,253.23,251.31,252.26,65780,0
20021119,252.26,252.26,251.31,251.31,138724,0
20021120,252.26,252.26,250.35,251.31,192133,0
20021121,251.31,252.26,250.35,251.31,120688,0
20021122,251.31,252.26,247.47,252.26,155545,0
20021125,252.26,252.26,250.35,252.26,70987,0
20021126,251.31,252.26,250.35,250.35,86688,0
20021127,249.40,251.31,242.68,245.56,319019,0
20021128,246.51,246.51,242.68,244.60,137241,0
20021129,243.63,243.63,242.68,242.68,62220,0
20021202,242.68,244.60,240.76,243.63,248739,0
20021203,242.68,243.64,240.74,241.71,118781,0
20021204,241.71,243.64,241.71,241.71,71463,0
20021205,242.68,247.51,242.68,245.58,62320,0
20021206,243.64,248.48,241.71,242.68,91272,0
20021209,243.64,249.44,243.64,243.64,54122,0
20021210,246.54,246.54,245.58,246.54,20612,0
20021211,246.54,248.48,245.58,245.58,60577,0
20021212,245.58,249.44,245.58,249.44,85543,0
20021213,249.44,249.44,246.54,249.44,135774,0
20021216,249.44,250.41,248.48,249.44,76160,0
20021217,250.41,250.41,246.54,247.51,123487,0
20021218,250.41,250.41,247.51,248.48,128898,0
20021219,249.44,253.32,249.44,253.32,323642,0
20021220,252.34,258.15,250.41,256.20,152937,0
20021223,257.19,261.04,256.20,257.19,74100,0
20021224,258.15,258.15,256.20,256.20,24000,0
20021225,256.20,256.20,256.20,256.20,0,0
20021226,256.20,256.20,256.20,256.20,0,0
20021227,256.20,261.04,256.20,260.08,13664,0
20021230,259.12,261.04,257.19,257.19,52281,0
20021231,257.19,257.19,256.20,257.19,29512,0
20030101,257.19,257.19,257.19,257.19,0,0
20030102,257.19,262.98,257.19,262.98,71641,0
20030103,262.01,265.89,260.08,265.89,105722,0
20030106,268.78,270.72,262.98,267.81,61204,0
20030107,267.81,270.72,263.95,266.85,110579,0
20030108,264.92,266.85,262.98,262.98,226603,0
20030109,262.01,265.89,258.15,259.12,88288,0
20030110,261.04,262.98,257.19,257.19,89603,0
20030113,258.15,258.15,256.20,258.15,81288,0
20030114,258.15,259.12,256.20,256.20,93786,0
20030115,255.24,256.20,254.28,255.24,110167,0
20030116,257.19,257.19,253.32,253.32,270997,0
20030117,255.24,260.08,253.32,259.12,98243,0
20030120,258.15,262.98,258.15,262.98,86782,0
20030121,262.98,265.89,262.01,265.89,104716,0
20030122,265.89,266.85,262.98,262.98,113476,0
20030123,263.95,266.85,263.95,264.92,40917,0
20030124,265.89,265.89,259.12,259.12,119582,0
20030127,259.12,259.12,259.12,259.12,0,0
20030128,259.12,259.12,255.24,256.20,154170,0
20030129,256.20,257.19,255.24,256.20,176546,0
20030130,257.19,259.12,255.24,257.19,97720,0
20030131,259.12,259.12,254.28,254.28,162915,0
20030203,254.28,254.28,249.44,250.41,226950,0
20030204,251.38,253.32,249.44,249.44,246556,0
20030205,250.41,251.38,249.44,250.41,71678,0
20030206,251.38,251.38,245.58,247.51,166504,0
20030207,249.44,251.38,248.48,251.38,91533,0
20030210,251.38,251.38,249.44,249.44,84103,0
20030211,250.41,252.34,248.48,251.38,65519,0
20030212,251.38,251.38,249.44,249.44,81633,0
20030213,251.38,251.38,245.58,245.58,157869,0
20030214,245.58,249.44,245.58,245.58,168978,0
20030217,245.58,251.38,245.58,249.44,65902,0
20030218,249.44,249.44,245.58,246.54,94409,0
20030219,248.48,250.41,246.54,250.41,73053,0
20030220,249.44,250.41,248.48,250.41,105598,0
20030221,250.41,251.38,248.48,250.41,111801,0
20030224,251.38,251.38,245.58,245.58,70610,0
20030225,245.58,246.54,243.64,243.64,201399,0
20030226,245.58,246.54,242.68,243.64,93470,0
20030227,246.54,248.48,243.64,244.61,51832,0
20030228,246.54,249.44,244.61,245.58,59480,0
20030303,249.44,251.38,245.58,249.44,66288,0
20030304,247.51,251.38,245.58,245.58,92811,0
20030305,248.48,250.41,247.51,249.44,112357,0
20030306,249.44,251.38,248.48,248.48,101330,0
20030307,250.43,250.43,245.56,246.53,66989,0
20030310,246.53,250.43,246.53,250.43,56432,0
20030311,248.48,250.43,245.56,245.56,156181,0
20030312,246.53,247.51,242.64,247.51,137575,0
20030313,247.51,247.51,239.71,239.71,131710,0
20030314,241.66,242.64,238.73,241.66,76957,0
20030317,241.66,241.66,238.73,238.73,91583,0
20030318,240.68,247.51,240.68,247.51,162112,0
20030319,247.51,248.48,246.53,248.48,99854,0
20030320,245.56,253.36,245.56,253.36,116850,0
20030321,248.48,255.30,245.56,255.30,53496,0
20030324,258.23,258.23,245.56,245.56,64453,0
20030325,248.48,252.38,245.56,252.38,77310,0
20030326,252.38,254.33,246.53,254.33,40176,0
20030327,254.33,256.27,252.38,256.27,72880,0
20030328,255.30,263.10,251.41,263.10,215002,0
20030331,263.10,263.10,253.36,253.36,561961,0
20030401,254.33,258.23,252.38,256.27,46282,0
20030402,256.27,262.12,255.30,262.12,138036,0
20030403,262.12,263.10,258.23,263.10,364333,0
20030404,262.12,263.10,259.21,263.10,214050,0
20030407,265.05,267.97,264.07,267.97,120239,0
20030408,267.97,267.97,263.10,263.10,80256,0
20030409,263.10,264.07,259.21,259.21,100974,0
20030410,261.15,266.99,261.15,266.03,148136,0
20030411,265.05,267.97,261.15,267.97,78901,0
20030414,264.07,266.03,261.15,263.10,37250,0
20030415,263.10,266.99,263.10,265.05,105487,0
20030416,266.99,267.97,265.05,266.03,99817,0
20030417,267.97,267.97,265.05,267.97,35312,0
20030418,267.97,267.97,267.97,267.97,0,0
20030421,267.97,267.97,267.97,267.97,0,0
20030422,267.97,267.97,265.05,266.03,72689,0
20030423,266.99,266.99,264.07,264.07,93650,0
20030424,266.99,267.97,265.05,265.05,37934,0
20030425,265.05,265.05,265.05,265.05,0,0
20030428,266.03,267.97,265.05,267.97,83574,0
20030429,267.97,270.89,265.05,270.89,130341,0
20030430,269.92,269.92,265.05,265.05,53837,0
20030501,267.97,267.97,263.10,263.10,166682,0
20030502,265.05,267.97,263.10,266.99,86906,0
20030505,267.97,267.97,266.03,267.97,67930,0
20030506,267.97,267.97,265.05,265.05,101680,0
20030507,264.07,268.94,264.07,264.07,77286,0
20030508,266.03,272.83,266.03,266.99,106780,0
20030509,270.89,270.89,265.05,270.89,67881,0
20030512,270.89,278.68,268.94,278.68,58503,0
20030513,276.74,276.74,268.94,272.83,116251,0
20030514,274.79,278.68,274.79,275.77,62066,0
20030515,276.74,277.72,272.83,274.79,102803,0
20030516,275.77,278.68,274.79,274.79,92745,0
20030519,275.77,278.68,275.77,278.68,173863,0
20030520,277.72,280.63,277.72,279.66,199809,0
20030521,278.68,279.66,276.74,276.74,51124,0
20030522,276.74,279.66,276.74,277.72,63243,0
20030523,277.72,277.72,276.74,276.74,70742,0
20030526,277.72,277.72,275.77,277.72,64789,0
20030527,277.72,279.66,275.77,277.72,160145,0
20030528,279.66,282.59,276.74,282.59,217841,0
20030529,282.59,288.43,282.59,286.48,220487,0
20030530,287.46,297.20,284.53,284.53,249509,0
20030602,289.41,292.33,285.51,287.46,42454,0
20030603,286.97,287.95,283.07,287.95,133594,0
20030604,288.92,288.92,285.02,287.95,54286,0
20030605,287.95,287.95,285.02,287.95,93229,0
20030606,287.95,288.92,286.97,288.92,100580,0
20030609,288.92,288.92,288.92,288.92,0,0
20030610,287.95,288.92,286.00,286.97,127009,0
20030611,286.97,289.91,285.02,289.91,104049,0
20030612,291.86,292.83,286.00,292.83,102594,0
20030613,294.78,297.70,286.97,293.80,140682,0
20030616,292.83,294.78,287.95,290.88,159143,0
20030617,290.88,293.80,287.95,293.80,168716,0
20030618,288.92,292.83,286.97,286.97,54246,0
20030619,288.92,289.91,285.02,286.97,223257,0
20030620,286.97,288.92,283.07,284.05,112520,0
20030623,285.02,293.80,285.02,291.86,80740,0
20030624,291.86,294.78,290.88,290.88,97394,0
20030625,290.88,292.83,286.97,288.92,51376,0
20030626,288.92,288.92,284.05,284.05,172045,0
20030627,290.88,292.83,287.95,287.95,44739,0
20030630,287.95,292.83,285.02,289.91,100735,0
20030701,289.91,291.86,286.00,291.86,97471,0
20030702,289.91,291.86,286.97,291.86,61419,0
20030703,290.88,292.83,287.95,289.91,55259,0
20030704,288.92,288.92,286.00,288.92,84997,0
20030707,288.92,290.88,286.00,286.00,42423,0
20030708,286.97,290.88,286.97,287.95,103670,0
20030709,288.92,290.88,287.95,289.91,44214,0
20030710,290.88,292.83,289.91,292.83,97257,0
20030711,292.83,299.66,292.83,298.69,71332,0
20030714,299.66,302.59,298.69,300.64,125219,0
20030715,301.61,301.61,292.83,292.83,96081,0
20030716,296.73,298.69,295.75,298.69,137076,0
20030717,298.69,298.69,290.88,294.78,117869,0
20030718,291.86,298.69,289.91,295.75,67226,0
20030721,297.70,302.59,295.75,298.69,117771,0
20030722,296.73,302.59,296.73,297.70,99110,0
20030723,297.70,310.40,297.70,302.59,66125,0
20030724,302.59,304.54,297.70,302.59,63937,0
20030725,302.59,302.59,297.70,300.64,67256,0
20030728,299.66,301.61,298.69,301.61,73371,0
20030729,299.66,302.59,298.69,301.61,45177,0
20030730,299.66,300.64,298.69,299.66,44667,0
20030731,297.70,300.64,297.70,300.64,40862,0
20030801,300.64,301.61,294.78,297.70,57422,0
20030804,295.75,301.61,295.75,301.61,64540,0
20030805,300.64,301.61,300.64,300.64,112502,0
20030806,300.64,301.61,298.69,298.69,104558,0
20030807,298.69,301.61,298.69,301.61,53114,0
20030808,300.64,301.61,298.69,298.69,69259,0
20030811,299.66,301.61,296.73,298.69,36401,0
20030812,301.61,301.61,298.69,299.66,48968,0
20030813,298.69,299.66,297.70,299.66,60628,0
20030814,299.66,299.66,296.73,296.73,56274,0
20030815,297.70,298.69,295.75,295.75,49983,0
20030818,295.75,298.69,295.75,298.69,48330,0
20030819,297.70,299.66,295.75,299.66,81593,0
20030820,299.66,301.61,295.75,301.61,59975,0
20030821,299.66,301.61,299.66,301.61,56805,0
20030822,301.61,302.59,297.70,302.59,171150,0
20030825,303.56,307.47,303.56,305.51,184730,0
20030826,303.56,303.56,297.70,297.70,91534,0
20030827,299.66,300.64,293.80,293.80,101652,0
20030828,292.83,295.75,291.86,293.80,172204,0
20030829,294.78,298.69,293.80,293.80,131310,0
20030901,293.80,296.73,293.80,294.78,72489,0
20030902,295.75,295.75,293.80,295.75,93163,0
20030903,297.70,300.64,292.83,292.83,113162,0
20030904,292.83,296.73,291.86,291.86,165670,0
20030905,292.83,292.83,287.95,287.95,354483,0
20030908,285.02,285.02,274.29,274.29,152797,0
20030909,276.24,276.24,274.29,276.24,138553,0
20030910,277.21,277.21,274.29,277.21,84334,0
20030911,278.19,278.19,271.35,271.35,140353,0
20030912,271.35,272.33,266.48,270.38,228744,0
20030915,269.40,273.31,269.40,272.33,132310,0
20030916,273.31,276.24,269.40,270.38,97056,0
20030917,269.40,275.26,268.43,274.29,126366,0
20030918,276.24,276.24,272.33,276.24,236454,0
20030919,276.24,276.24,271.35,275.26,125216,0
20030922,275.26,275.26,271.35,271.35,58420,0
20030923,270.38,273.31,266.48,266.48,135782,0
20030924,268.43,274.29,265.50,273.31,92271,0
20030925,273.31,273.31,265.50,269.40,279099,0
20030926,265.50,266.48,262.57,262.57,247265,0
20030929,263.54,268.43,263.54,265.50,60710,0
20030930,267.45,269.40,265.50,265.50,68394,0
20031001,268.43,269.40,266.48,268.43,109166,0
20031002,271.35,271.35,265.50,265.50,201300,0
20031003,265.50,265.50,248.91,253.78,514412,0
20031006,253.78,256.71,245.00,252.81,510415,0
20031007,253.78,255.73,248.91,255.73,388570,0
20031008,255.73,269.40,255.73,268.43,413705,0
20031009,262.57,263.54,260.62,263.54,117678,0
20031010,263.54,267.45,258.67,258.67,432204,0
20031013,258.67,262.57,257.69,262.57,128001,0
20031014,262.57,265.50,257.69,257.69,248658,0
20031015,258.67,261.59,257.69,258.67,70376,0
20031016,260.62,260.62,257.69,258.67,98517,0
20031017,259.64,259.64,257.69,259.64,104065,0
20031020,259.64,261.59,259.64,259.64,163545,0
20031021,262.57,262.57,259.64,259.64,93241,0
20031022,261.59,262.57,258.67,258.67,129199,0
20031023,259.64,261.59,258.67,261.59,83583,0
20031024,261.59,261.59,258.67,258.67,79621,0
20031027,258.67,260.62,258.67,258.67,129242,0
20031028,258.67,260.62,257.69,257.69,55732,0
20031029,257.69,260.62,256.71,256.71,96879,0
20031030,256.71,256.71,254.76,256.71,114600,0
20031031,256.71,256.71,254.76,254.76,78121,0
20031103,254.76,257.69,254.76,256.71,117557,0
20031104,259.64,259.64,255.73,255.73,43051,0
20031105,255.73,257.69,253.78,253.78,82610,0
20031106,254.76,259.64,253.78,254.76,51326,0
20031107,258.67,262.57,257.69,261.59,112097,0
20031110,261.59,261.59,258.67,259.64,241944,0
20031111,257.69,258.67,255.73,255.73,97659,0
20031112,257.69,258.67,252.81,252.81,265913,0
20031113,252.81,256.71,250.86,253.78,91999,0
20031114,253.78,253.78,251.83,251.83,63529,0
20031117,251.83,251.83,245.97,247.92,198262,0
20031118,246.95,246.95,243.05,244.02,154600,0
20031119,243.05,251.83,240.12,251.83,141593,0
20031120,258.67,260.62,256.71,260.62,361797,0
20031121,259.64,260.62,256.71,257.69,162804,0
20031124,259.64,261.59,258.67,258.67,99644,0
20031125,260.62,261.59,252.81,252.81,142614,0
20031126,252.81,257.69,252.81,257.69,69139,0
20031127,256.71,257.69,254.76,257.69,67624,0
20031128,257.69,257.69,254.76,254.76,49400,0
20031201,255.73,255.73,253.78,255.73,187166,0
20031202,253.78,258.67,248.91,248.91,57743,0
20031203,249.88,253.78,246.95,246.95,164844,0
20031204,246.95,247.92,241.10,241.10,498532,0
20031205,241.10,246.95,241.10,245.00,327510,0
20031208,247.92,253.78,247.92,252.81,120212,0
20031209,251.83,251.83,248.91,248.91,192514,0
20031210,248.91,253.78,247.92,247.92,205182,0
20031211,248.91,252.81,248.91,249.88,135164,0
20031212,251.83,252.81,248.91,248.91,131857,0
20031215,252.81,253.78,249.88,249.88,175356,0
20031216,249.88,254.76,249.88,253.78,189910,0
20031217,254.76,257.69,254.76,254.76,240177,0
20031218,257.69,258.67,255.73,256.71,314511,0
20031219,256.71,263.54,256.71,263.54,142474,0
20031222,263.54,265.50,262.57,265.50,112121,0
20031223,266.48,268.43,263.54,265.50,131883,0
20031224,265.50,265.50,263.54,264.52,35261,0
20031225,264.52,264.52,264.52,264.52,0,0
20031226,264.52,264.52,264.52,264.52,0,0
20031229,264.52,268.43,264.52,268.43,35186,0
20031230,268.43,270.38,268.43,270.38,52480,0
20031231,270.38,273.31,270.38,273.31,22483,0
20040101,273.31,273.31,273.31,273.31,0,0
20040102,271.35,272.33,269.40,269.40,31426,0
20040105,270.38,273.31,268.43,269.40,126359,0
20040106,270.38,273.31,269.40,271.35,96320,0
20040107,272.33,273.31,270.38,273.31,121423,0
20040108,270.38,273.31,270.38,273.31,41185,0
20040109,272.33,273.31,270.38,270.38,60722,0
20040112,273.31,273.31,269.40,273.31,97180,0
20040113,272.33,273.31,269.40,269.40,79174,0
20040114,272.33,272.33,269.40,270.38,56775,0
20040115,270.38,272.33,270.38,272.33,58454,0
20040116,272.33,273.31,270.38,270.38,84871,0
20040119,270.38,271.35,269.40,269.40,68973,0
20040120,271.35,271.35,269.40,269.40,59713,0
20040121,271.35,273.31,269.40,273.31,96215,0
20040122,271.35,273.31,271.35,273.31,144094,0
20040123,273.31,273.31,271.35,273.31,67128,0
20040126,273.31,273.31,273.31,273.31,0,0
20040127,273.31,273.31,271.35,271.35,103098,0
20040128,273.31,273.31,270.38,271.35,116209,0
20040129,271.35,273.31,269.40,272.33,128629,0
20040130,271.35,272.33,269.40,270.38,121311,0
20040202,269.40,269.40,264.52,265.50,113776,0
20040203,265.50,268.43,264.52,266.48,74074,0
20040204,266.48,268.43,266.48,266.48,55715,0
20040205,266.48,269.40,264.52,264.52,67920,0
20040206,264.52,267.45,264.52,266.48,34154,0
20040209,266.48,269.40,266.48,268.43,45811,0
20040210,266.48,266.48,265.50,265.50,48869,0
20040211,265.50,266.48,264.52,265.50,169229,0
20040212,265.50,268.43,264.52,264.52,81676,0
20040213,264.52,267.45,264.52,266.48,58556,0
20040216,266.48,268.43,265.50,265.50,45238,0
20040217,265.50,267.45,263.54,263.54,158287,0
20040218,268.43,268.43,263.54,265.50,50504,0
20040219,265.50,266.48,263.54,263.54,115025,0
20040220,263.54,265.50,260.62,260.62,120180,0
20040223,263.54,266.48,259.64,266.48,129626,0
20040224,264.52,265.50,261.59,261.59,49961,0
20040225,265.50,267.45,263.54,263.54,79146,0
20040226,267.45,269.40,267.45,268.43,128497,0
20040227,268.43,269.40,262.57,262.57,204882,0
20040301,262.57,268.43,261.59,268.43,97435,0
20040302,267.84,267.84,259.01,259.99,121411,0
20040303,260.97,260.97,257.05,257.05,150237,0
20040304,256.07,257.05,253.12,253.12,315622,0
20040305,255.09,264.90,255.09,264.90,104455,0
20040308,265.88,269.80,262.93,262.93,201882,0
20040309,263.92,267.84,262.93,264.90,98192,0
20040310,266.86,266.86,259.99,260.97,113597,0
20040311,259.99,260.97,256.07,260.97,169842,0
20040312,258.03,258.03,255.09,255.09,50095,0
20040315,257.05,260.97,256.07,256.07,46328,0
20040316,256.07,259.99,255.09,258.03,97289,0
20040317,259.01,260.97,256.07,257.05,133248,0
20040318,256.07,259.01,256.07,259.01,265101,0
20040319,259.99,263.92,259.99,263.92,65299,0
20040322,263.92,263.92,259.99,260.97,46269,0
20040323,260.97,261.95,259.99,259.99,51662,0
20040324,260.97,261.95,258.03,258.03,53528,0
20040325,259.01,259.99,255.09,255.09,247405,0
20040326,257.05,261.95,255.09,259.99,80891,0
20040329,259.99,259.99,257.05,259.99,42580,0
20040330,259.99,261.95,256.07,260.97,141141,0
20040331,259.01,259.01,256.07,257.05,55695,0
20040401,259.01,259.99,257.05,258.03,67919,0
20040402,257.05,258.03,255.09,258.03,224515,0
20040405,258.03,259.01,256.07,256.07,62426,0
20040406,256.07,257.05,253.12,253.12,130799,0
20040407,255.09,257.05,254.10,255.09,148868,0
20040408,255.09,255.09,253.12,254.10,66082,0
20040409,254.10,254.10,254.10,254.10,0,0
20040412,254.10,254.10,254.10,254.10,0,0
20040413,255.09,255.09,253.12,253.12,92083,0
20040414,253.12,255.09,251.16,255.09,79470,0
20040415,254.10,255.09,251.16,255.09,89879,0
20040416,254.10,255.09,253.12,253.12,130022,0
20040419,253.12,255.09,253.12,253.12,38295,0
20040420,255.09,255.09,251.16,253.12,127979,0
20040421,253.12,253.12,249.20,249.20,320929,0
20040422,253.12,253.12,252.14,253.12,187125,0
20040423,252.14,255.09,251.16,253.12,157775,0
20040426,254.10,256.07,254.10,255.09,22482,0
20040427,255.09,256.07,255.09,256.07,72747,0
20040428,256.07,257.05,253.12,257.05,83764,0
20040429,257.05,257.05,252.14,254.10,118801,0
20040430,255.09,260.97,251.16,251.16,385761,0
20040503,251.16,253.12,248.22,250.18,108868,0
20040504,250.18,251.16,244.29,248.22,353469,0
20040505,248.22,252.14,248.22,252.14,214771,0
20040506,252.14,252.14,249.20,252.14,80162,0
20040507,250.18,250.18,248.22,250.18,65996,0
20040510,248.22,250.18,248.22,248.22,81365,0
20040511,248.22,251.16,247.24,249.20,85103,0
20040512,249.20,252.14,249.20,251.16,55629,0
20040513,251.16,252.14,249.20,252.14,159592,0
20040514,252.14,252.14,251.16,252.14,40655,0
20040517,251.16,252.14,249.20,252.14,65074,0
20040518,251.16,253.12,251.16,253.12,174592,0
20040519,252.14,254.10,252.14,253.12,121352,0
20040520,253.12,254.10,253.12,254.10,143772,0
20040521,253.12,254.10,252.14,254.10,48259,0
20040524,255.09,255.09,253.12,254.10,81115,0
20040525,255.09,259.01,255.09,258.03,115528,0
20040526,258.03,259.01,256.07,259.01,164932,0
20040527,257,261,256,260,92614,0
20040528,260,264,259,264,148244,0
20040531,265,266,261,264,147075,0
20040601,265,267,265,267,134060,0
20040602,267,268,266,267,96921,0
20040603,267,267,266,267,77307,0
20040604,266,268,264,264,92720,0
20040607,265,268,265,268,44410,0
20040608,268,273,268,272,199215,0
20040609,272,272,268,268,161604,0
20040610,268,272,267,268,94938,0
20040611,268,269,267,267,44250,0
20040614,267,267,267,267,0,0
20040615,269,270,268,270,83201,0
20040616,270,271,269,270,77006,0
20040617,270,270,267,268,401255,0
20040618,270,271,268,268,179367,0
20040621,270,271,268,270,99485,0
20040622,268,270,267,270,100894,0
20040623,268,269,265,265,171095,0
20040624,264,268,261,268,129844,0
20040625,268,268,265,266,52051,0
20040628,265,265,263,264,100890,0
20040629,264,268,264,267,122700,0
20040630,269,270,266,266,110004,0
20040701,267,269,263,268,104933,0
20040702,267,268,261,261,95842,0
20040705,262,265,261,265,111680,0
20040706,262,266,261,266,92701,0
20040707,265,265,261,264,116723,0
20040708,261,268,261,267,105769,0
20040709,266,267,263,265,122640,0
20040712,267,268,267,268,70815,0
20040713,267,270,267,270,68055,0
20040714,268,270,268,269,119051,0
20040715,270,272,268,272,94144,0
20040716,272,273,267,270,116141,0
20040719,270,273,268,270,146885,0
20040720,269,269,265,266,307810,0
20040721,267,268,265,267,173866,0
20040722,266,267,263,263,232060,0
20040723,264,266,262,262,173094,0
20040726,262,262,259,260,188186,0
20040727,260,267,259,265,201852,0
20040728,265,265,260,260,107975,0
20040729,260,263,260,262,141808,0
20040730,262,262,262,262,0,0
20040802,265,265,261,262,494908,0
20040803,263,264,262,262,522625,0
20040804,264,265,263,264,559845,0
20040805,265,275,265,272,341252,0
20040806,268,270,265,267,320636,0
20040809,268,272,267,267,1006910,0
20040810,269,271,265,266,709364,0
20040811,270,272,267,267,254338,0
20040812,268,273,268,271,267154,0
20040813,272,280,271,277,143378,0
20040816,278,278,275,276,174444,0
20040817,276,278,272,273,360378,0
20040818,273,275,270,270,229774,0
20040819,275,280,274,280,184190,0
20040820,279,282,278,280,179034,0
20040823,281,282,278,282,137109,0
20040824,282,282,276,278,133414,0
20040825,280,282,280,281,116468,0
20040826,282,289,281,288,755040,0
20040827,288,288,285,286,326003,0
20040830,286,286,283,286,304986,0
20040831,276,284,276,280,189260,0
20040901,278,279,274,275,157771,0
20040902,275,276,273,275,129813,0
20040903,275,275,274,275,153379,0
20040906,275,275,272,272,122165,0
20040907,274,275,272,274,125457,0
20040908,272,274,271,273,202950,0
20040909,271,272,270,270,203720,0
20040910,270,272,270,270,94674,0
20040913,273,275,272,274,239050,0
20040914,276,279,276,278,261487,0
20040915,278,279,276,276,252449,0
20040916,275,276,274,274,420020,0
20040917,276,278,276,277,280218,0
20040920,277,279,276,277,575539,0
20040921,277,284,277,278,378694,0
20040922,279,284,279,282,228801,0
20040923,283,285,283,283,182395,0
20040924,285,286,283,284,158882,0
20040927,285,287,279,284,265955,0
20040928,285,287,284,285,190952,0
20040929,285,288,285,288,177004,0
20040930,286,290,285,290,407265,0
20041001,290,292,288,288,503555,0
20041004,291,292,286,291,151837,0
20041005,290,292,287,288,157020,0
20041006,291,292,290,292,132304,0
20041007,292,293,288,289,353602,0
20041008,291,292,289,290,220323,0
20041011,292,292,289,290,262737,0
20041012,292,292,289,292,174917,0
20041013,290,293,290,293,196388,0
20041014,292,293,291,293,150526,0
20041015,293,293,291,292,249406,0
20041018,291,293,289,289,250963,0
20041019,289,293,289,293,203368,0
20041020,293,295,293,294,179139,0
20041021,294,298,294,297,246310,0
20041022,295,296,292,296,105199,0
20041025,292,293,290,291,338382,0
20041026,292,294,291,293,218317,0
20041027,295,295,293,293,129297,0
20041028,295,295,293,295,103969,0
20041029,296,298,295,297,108425,0
20041101,297,300,295,300,86914,0
20041102,300,306,299,304,160549,0
20041103,306,307,304,305,115040,0
20041104,306,307,304,306,119200,0
20041105,306,308,305,305,142288,0
20041108,305,306,303,303,205979,0
20041109,305,307,302,306,319180,0
20041110,305,310,304,310,184926,0
20041111,307,308,306,306,149035,0
20041112,305,308,305,307,82376,0
20041115,307,309,306,309,100631,0
20041116,309,309,304,307,108193,0
20041117,304,307,304,306,165045,0
20041118,307,310,305,306,169598,0
20041119,307,309,306,306,125139,0
20041122,306,309,306,306,109675,0
20041123,307,310,306,309,170634,0
20041124,309,310,307,309,133681,0
20041125,310,310,308,309,394231,0
20041126,311,317,310,310,164682,0
20041129,314,315,310,311,159000,0
20041130,311,314,307,311,220241,0
20041201,311,315,311,315,149697,0
20041202,314,315,311,314,197983,0
20041203,315,316,313,313,98109,0
20041206,313,320,313,320,120769,0
20041207,320,322,318,319,157963,0
20041208,317,317,310,311,217661,0
20041209,312,318,310,318,161991,0
20041210,318,318,310,317,275179,0
20041213,316,317,310,310,139355,0
20041214,313,315,310,311,161382,0
20041215,315,315,310,313,88007,0
20041216,312,316,311,315,306807,0
20041217,314,317,313,315,130289,0
20041220,316,318,315,318,125197,0
20041221,321,333,321,332,322306,0
20041222,331,336,330,331,150947,0
20041223,330,333,325,332,110697,0
20041224,332,333,332,333,43566,0
20041227,333,333,333,333,0,0
20041228,333,333,333,333,0,0
20041229,331,332,326,329,25029,0
20041230,331,331,329,331,12762,0
20041231,331,331,328,328,5523,0
20050103,328,328,328,328,0,0
20050104,329,333,328,328,30736,0
20050105,329,335,328,335,172761,0
20050106,335,335,328,329,114856,0
20050107,332,334,329,332,48872,0
20050110,333,336,333,336,75742,0
20050111,335,376,335,345,356418,0
20050112,346,353,346,348,181908,0
20050113,348,348,343,345,111004,0
20050114,344,344,337,340,81318,0
20050117,347,350,345,350,198387,0
20050118,350,350,344,347,242949,0
20050119,347,350,347,348,254328,0
20050120,350,358,348,353,167531,0
20050121,353,357,352,357,72587,0
20050124,355,360,347,349,197789,0
20050125,350,358,350,354,220678,0
20050126,354,354,354,354,0,0
20050127,355,362,352,362,209570,0
20050128,357,358,354,355,221413,0
20050131,355,359,355,356,311255,0
20050201,360,370,356,367,266651,0
20050202,370,372,367,370,319109,0
20050203,370,372,370,371,345490,0
20050204,371,374,370,372,168593,0
20050207,375,384,374,378,164064,0
20050208,380,385,379,382,305992,0
20050209,384,385,373,373,519318,0
20050210,376,376,353,361,630424,0
20050211,361,376,361,368,289693,0
20050214,360,374,360,370,240093,0
20050215,368,374,366,370,517368,0
20050216,373,381,373,375,706639,0
20050217,375,377,370,370,373193,0
20050218,370,376,370,376,228787,0
20050221,381,390,380,389,291277,0
20050222,387,389,383,385,227571,0
20050223,385,385,380,385,206030,0
20050224,390,394,384,385,131892,0
20050225,384,400,384,400,516323,0
20050228,404,414,388,399,340538,0
20050301,398,398,377,381,358601,0
20050302,381,391,381,385,380826,0
20050303,385,385,377,377,200180,0
20050304,376,376,355,360,312389,0
20050307,359,369,359,365,198688,0
20050308,368,372,366,370,212887,0
20050309,371,372,367,370,215918,0
20050310,368,369,366,367,72152,0
20050311,367,368,363,366,291107,0
20050314,367,374,367,371,114776,0
20050315,372,385,372,385,178716,0
20050316,385,393,385,393,246846,0
20050317,395,395,379,385,273306,0
20050318,385,390,383,390,227579,0
20050321,391,397,391,394,208548,0
20050322,394,405,389,397,195412,0
20050323,400,400,376,387,146888,0
20050324,389,395,385,385,129294,0
20050325,385,385,385,385,0,0
20050328,385,385,385,385,0,0
20050329,386,390,372,385,234544,0
20050330,375,379,371,372,281223,0
20050331,372,375,361,375,274063,0
20050401,371,374,370,372,75617,0
20050404,370,370,360,360,238907,0
20050405,360,369,345,369,571284,0
20050406,367,375,367,374,187084,0
20050407,374,375,361,375,168242,0
20050408,374,381,372,381,112512,0
20050411,383,386,377,377,113562,0
20050412,376,383,376,376,113497,0
20050413,376,382,376,382,67552,0
20050414,379,384,375,381,166856,0
20050415,372,375,371,372,121310,0
20050418,370,370,345,365,273087,0
20050419,368,369,362,362,91875,0
20050420,369,369,360,363,325474,0
20050421,362,363,358,363,144936,0
20050422,364,365,352,360,146465,0
20050425,360,360,360,360,0,0
20050426,359,365,357,363,175493,0
20050427,363,365,357,357,131193,0
20050428,362,365,358,365,111444,0
20050429,365,366,360,365,82672,0
20050502,370,372,361,361,76907,0
20050503,361,369,361,362,149165,0
20050504,364,368,364,366,52984,0
20050505,367,380,366,380,201117,0
20050506,380,380,369,378,78370,0
20050509,377,377,369,371,85506,0
20050510,377,378,366,366,102723,0
20050511,369,369,365,365,79612,0
20050512,369,370,361,367,104796,0
20050513,365,370,361,370,45004,0
20050516,370,370,360,360,68251,0
20050517,361,369,360,365,189650,0
20050518,365,365,360,362,168291,0
20050519,359,365,358,359,217753,0
20050520,358,363,357,358,99576,0
20050523,359,362,359,362,71836,0
20050524,365,367,362,364,204779,0
20050525,367,367,362,364,64520,0
20050526,364,367,360,366,125142,0
20050527,368,368,362,365,162025,0
20050530,367,370,367,368,92184,0
20050531,367,370,363,365,117988,0
20050601,363,370,363,369,53182,0
20050602,368,373,367,373,149798,0
20050603,373,380,370,377,117916,0
20050606,376,384,376,382,153703,0
20050607,382,383,376,382,157971,0
20050608,375,380,373,378,76615,0
20050609,378,378,374,375,84823,0
20050610,375,378,373,378,29762,0
20050613,378,378,378,378,0,0
20050614,378,394,378,394,128163,0
20050615,396,398,388,393,156755,0
20050616,395,397,386,389,292641,0
20050617,390,390,386,387,99595,0
20050620,386,386,376,382,181757,0
20050621,382,382,376,378,135798,0
20050622,378,380,375,379,123713,0
20050623,377,381,371,371,158819,0
20050624,370,379,370,379,80416,0
20050627,374,378,370,370,95439,0
20050628,370,375,367,368,212388,0
20050629,368,375,361,371,210145,0
20050630,371,376,369,376,149623,0
20050701,376,380,376,380,89749,0
20050704,380,385,376,381,107691,0
20050705,383,394,382,390,145054,0
20050706,395,395,383,383,153296,0
20050707,382,383,377,377,174116,0
20050708,377,380,374,374,78083,0
20050711,380,380,370,370,68215,0
20050712,375,376,365,365,186522,0
20050713,366,373,366,368,124360,0
20050714,365,375,365,375,181872,0
20050715,376,380,375,380,245829,0
20050718,382,384,380,380,83168,0
20050719,376,383,372,378,109156,0
20050720,378,382,375,377,92890,0
20050721,378,384,378,382,179655,0
20050722,385,387,381,387,165945,0
20050725,387,389,385,388,164774,0
20050726,388,388,382,388,152382,0
20050727,387,388,381,381,92041,0
20050728,381,386,379,379,129205,0
20050729,380,385,375,379,56436,0
20050801,379,386,375,378,78633,0
20050802,378,381,375,379,103933,0
20050803,379,380,370,371,294853,0
20050804,371,376,371,375,114277,0
20050805,376,378,375,375,138043,0
20050808,375,376,372,373,119975,0
20050809,373,375,368,369,290560,0
20050810,366,374,365,365,251683,0
20050811,368,370,366,370,94247,0
20050812,370,374,368,369,77888,0
20050815,368,373,367,373,148117,0
20050816,371,374,370,370,161784,0
20050817,374,376,371,376,167623,0
20050818,376,379,375,379,251526,0
20050819,379,379,375,379,99859,0
20050822,380,382,377,382,164901,0
20050823,381,382,377,377,129456,0
20050824,375,378,373,378,180505,0
20050825,375,375,369,374,285033,0
20050826,374,378,369,372,51765,0
20050829,370,375,369,373,122464,0
20050830,373,375,370,371,54735,0
20050831,372,379,371,379,118427,0
20050901,379,380,375,380,119194,0
20050902,378,379,374,374,249078,0
20050905,369,370,365,370,138720,0
20050906,370,370,360,364,202306,0
20050907,363,369,363,363,174014,0
20050908,364,368,363,363,160745,0
20050909,363,364,360,362,192897,0
20050912,362,367,362,367,202760,0
20050913,365,365,361,363,123872,0
20050914,363,366,363,364,147936,0
20050915,360,364,360,361,307935,0
20050916,361,364,358,358,283100,0
20050919,362,362,358,361,100087,0
20050920,361,361,356,356,203855,0
20050921,355,359,352,353,166194,0
20050922,352,361,351,361,191562,0
20050923,361,361,351,353,337257,0
20050926,358,358,345,349,318836,0
20050927,349,349,332,344,503601,0
20050928,342,348,333,333,560709,0
20050929,333,359,333,349,515777,0
20050930,354,354,344,345,274899,0
20051003,345,350,344,346,78272,0
20051004,347,352,345,347,155649,0
20051005,347,352,347,351,135587,0
20051006,351,353,345,345,248133,0
20051007,345,350,343,345,157445,0
20051010,345,351,345,345,275792,0
20051011,345,352,345,350,130566,0
20051012,350,351,346,350,130613,0
20051013,350,355,350,351,114430,0
20051014,354,361,354,358,173352,0
20051017,365,368,363,365,368473,0
20051018,368,371,368,369,601130,0
20051019,360,363,350,356,200324,0
20051020,366,366,356,358,100389,0
20051021,358,366,355,362,120454,0
20051024,362,367,358,362,90360,0
20051025,369,370,365,368,195664,0
20051026,369,370,366,367,114773,0
20051027,367,370,360,368,130178,0
20051028,363,369,358,360,102346,0
20051031,360,369,360,367,93945,0
20051101,367,370,366,368,137519,0
20051102,370,370,366,370,220236,0
20051103,370,370,360,366,200205,0
20051104,366,367,362,366,155520,0
20051107,367,368,360,360,121722,0
20051108,367,367,360,364,64081,0
20051109,364,369,362,363,86009,0
20051110,365,369,365,369,337578,0
20051111,369,375,366,368,127035,0
20051114,367,370,363,366,189059,0
20051115,366,366,365,366,222496,0
20051116,366,369,365,367,269475,0
20051117,367,368,366,368,69168,0
20051118,368,368,364,368,106865,0
20051121,368,372,367,372,277940,0
20051122,372,376,372,376,112280,0
20051123,376,377,373,377,181333,0
20051124,377,383,377,380,364688,0
20051125,381,384,381,382,96496,0
20051128,385,393,385,393,415017,0
20051129,387,390,387,390,170782,0
20051130,385,394,385,390,380644,0
20051201,391,392,387,387,243558,0
20051202,387,391,387,390,94038,0
20051205,390,398,389,398,261692,0
20051206,391,391,383,387,138406,0
20051207,385,389,384,384,118088,0
20051208,384,391,383,385,157523,0
20051209,385,392,385,390,300859,0
20051212,390,393,390,391,92323,0
20051213,391,391,388,391,114099,0
20051214,391,395,390,393,111658,0
20051215,395,395,389,389,236100,0
20051216,390,400,390,400,153287,0
20051219,399,399,386,386,86298,0
20051220,387,398,386,390,120059,0
20051221,391,400,391,398,214320,0
20051222,392,400,392,399,57283,0
20051223,399,410,399,409,95688,0
20051226,409,409,409,409,0,0
20051227,409,409,409,409,0,0
20051228,410,420,410,416,35761,0
20051229,415,418,402,406,28042,0
20051230,406,407,400,400,53866,0
20060102,400,400,400,400,0,0
20060103,400,407,400,400,68283,0
20060104,404,406,400,402,55562,0
20060105,405,410,401,410,66266,0
20060106,408,409,402,402,60730,0
20060109,404,404,399,400,59592,0
20060110,402,405,399,399,77472,0
20060111,404,409,400,402,25740,0
20060112,403,405,399,399,56703,0
20060113,400,402,396,396,72763,0
20060116,396,401,396,398,143517,0
20060117,401,410,398,398,104395,0
20060118,400,404,398,401,77847,0
20060119,401,406,398,400,433691,0
20060120,402,404,400,401,82592,0
20060123,400,403,400,402,141509,0
20060124,402,404,400,402,70506,0
20060125,404,410,402,408,232828,0
20060126,408,408,408,408,0,0
20060127,410,415,407,415,115567,0
20060130,415,421,408,418,251204,0
20060131,420,420,409,419,110168,0
20060201,418,420,414,420,137099,0
20060202,419,420,413,416,98506,0
20060203,414,419,405,416,83659,0
20060206,411,419,410,419,54904,0
20060207,419,419,411,414,98879,0
20060208,415,419,410,419,141556,0
20060209,418,418,407,416,151175,0
20060210,415,415,410,410,93728,0
20060213,410,414,410,410,53198,0
20060214,412,419,410,419,188546,0
20060215,419,419,410,410,148382,0
20060216,415,417,410,417,54442,0
20060217,416,416,409,410,144610,0
20060220,416,416,406,406,58323,0
20060221,413,427,413,427,307732,0
20060222,427,440,422,435,210491,0
20060223,440,448,430,438,270568,0
20060224,438,439,422,436,130620,0
20060227,434,435,430,435,318338,0
20060228,437,438,432,435,190452,0
20060301,434,437,432,433,284666,0
20060302,434,435,433,435,293590,0
20060303,435,435,428,428,311523,0
20060306,428,435,421,432,341568,0
20060307,435,436,433,435,119476,0
20060308,434,434,420,422,117809,0
20060309,423,451,423,450,352138,0
20060310,452,457,432,445,165290,0
20060313,448,449,436,449,84820,0
20060314,449,449,435,446,92365,0
20060315,441,442,436,436,92798,0
20060316,440,442,436,442,694007,0
20060317,442,458,442,456,194838,0
20060320,460,463,456,461,91446,0
20060321,463,464,458,464,138240,0
20060322,460,460,447,456,378875,0
20060323,456,456,449,451,135681,0
20060324,452,457,446,451,299143,0
20060327,452,460,452,459,365275,0
20060328,455,464,455,464,409559,0
20060329,464,468,461,464,253506,0
20060330,452,460,449,458,258162,0
20060331,457,457,425,433,731587,0
20060403,431,441,429,435,323041,0
20060404,432,434,408,413,225348,0
20060405,417,437,417,431,305778,0
20060406,431,446,431,446,204555,0
20060407,446,446,438,446,131201,0
20060410,440,440,426,427,232177,0
20060411,438,438,420,423,180088,0
20060412,420,423,416,419,147880,0
20060413,420,427,419,422,73804,0
20060414,422,422,422,422,0,0
20060417,422,422,422,422,0,0
20060418,423,440,423,440,159428,0
20060419,443,449,436,445,273804,0
20060420,442,442,426,427,407326,0
20060421,428,439,426,433,63873,0
20060424,435,437,427,427,62717,0
20060425,427,427,427,427,0,0
20060426,426,437,426,434,169514,0
20060427,440,446,435,442,261543,0
20060428,443,452,442,447,166417,0
20060501,445,445,442,443,179244,0
20060502,444,457,444,457,142416,0
20060503,455,457,448,449,378647,0
20060504,449,450,445,445,76374,0
20060505,444,445,440,441,133336,0
20060508,440,455,440,452,95407,0
20060509,456,456,445,452,56641,0
20060510,450,450,440,445,118454,0
20060511,442,453,440,452,108101,0
20060512,452,452,440,440,55946,0
20060515,440,440,428,429,81923,0
20060516,428,438,426,436,74210,0
20060517,436,437,430,437,100280,0
20060518,430,437,425,430,110387,0
20060519,432,437,426,428,64824,0
20060522,425,433,425,427,60713,0
20060523,427,435,427,427,182244,0
20060524,431,431,410,423,112423,0
20060525,417,419,410,410,206066,0
20060526,410,415,401,415,166329,0
20060529,412,420,409,410,118016,0
20060530,410,414,410,410,133390,0
20060531,412,412,406,407,105159,0
20060601,405,417,405,417,70025,0
20060602,425,425,411,421,68148,0
20060605,421,422,415,422,46087,0
20060606,422,422,415,415,128653,0
20060607,416,420,411,412,61955,0
20060608,412,421,411,412,95079,0
20060609,416,422,410,420,104121,0
20060612,420,420,420,420,0,0
20060613,420,420,413,413,98661,0
20060614,409,413,405,408,132553,0
20060615,424,424,407,420,509007,0
20060616,425,426,414,424,70286,0
20060619,428,440,425,433,70845,0
20060620,436,438,428,438,106317,0
20060621,437,445,437,442,128668,0
20060622,442,450,438,442,82023,0
20060623,442,442,435,438,88793,0
20060626,435,438,433,436,124973,0
20060627,436,437,433,434,243968,0
20060628,433,434,425,427,176286,0
20060629,433,440,430,440,69384,0
20060630,451,454,427,427,135357,0
20060703,440,440,430,434,238184,0
20060704,430,434,425,428,175986,0
20060705,424,433,421,428,88803,0
20060706,425,430,420,430,132145,0
20060707,430,433,424,429,156975,0
20060710,430,432,424,430,38245,0
20060711,429,430,425,428,63718,0
20060712,426,430,424,425,45011,0
20060713,425,433,425,430,289601,0
20060714,425,430,425,426,75459,0
20060717,424,425,412,422,225829,0
20060718,421,425,420,422,134958,0
20060719,425,433,421,424,43583,0
20060720,430,435,427,430,46172,0
20060721,430,431,425,427,83093,0
20060724,427,427,419,420,44338,0
20060725,422,426,416,425,91319,0
20060726,421,424,410,410,96892,0
20060727,410,423,407,420,83511,0
20060728,419,419,411,415,94502,0
20060731,415,422,415,420,68924,0
20060801,420,420,415,415,125813,0
20060802,412,416,412,415,134027,0
20060803,417,423,411,423,71797,0
20060804,422,425,413,417,58942,0
20060807,424,424,410,415,50868,0
20060808,414,430,413,418,98829,0
20060809,419,428,414,418,116272,0
20060810,415,428,414,428,48446,0
20060811,420,427,420,426,45439,0
20060814,428,428,415,425,79977,0
20060815,425,428,413,415,128477,0
20060816,420,424,415,415,11339782,0
20060817,500,508,470,485,11930460,0
20060818,485,502,485,502,4230856,0
20060821,500,505,484,505,2763043,0
20060822,500,504,486,504,1134454,0
20060823,480,497,471,486,615910,0
20060824,475,493,475,483,651142,0
20060825,482,500,482,500,594683,0
20060828,490,496,482,495,277138,0
20060829,493,494,480,490,276203,0
20060830,488,488,482,486,1254558,0
20060831,485,485,480,482,143020,0
20060901,465,481,462,480,536060,0
20060904,469,473,456,465,604373,0
20060905,463,463,451,460,937349,0
20060906,462,462,452,456,1537300,0
20060907,458,460,445,457,965509,0
20060908,459,473,459,470,1366259,0
20060911,474,476,466,475,1176468,0
20060912,473,476,468,476,361424,0
20060913,472,476,470,476,391202,0
20060914,478,485,476,481,741153,0
20060915,480,483,476,479,435408,0
20060918,483,487,479,480,243775,0
20060919,485,485,479,479,161143,0
20060920,479,482,473,480,561366,0
20060921,476,482,476,479,524047,0
20060922,476,480,475,479,459554,0
20060925,480,482,477,477,277479,0
20060926,478,478,469,470,867440,0
20060927,471,480,471,478,931757,0
20060928,479,481,479,480,334770,0
20060929,480,487,479,487,429875,0
20061002,487,488,483,488,90248,0
20061003,486,486,476,479,608280,0
20061004,476,476,444,449,2329833,0
20061005,448,450,436,450,1453166,0
20061006,453,459,431,431,1027301,0
20061009,430,440,429,439,316216,0
20061010,439,441,433,436,411912,0
20061011,436,439,432,435,785852,0
20061012,435,436,428,431,1063499,0
20061013,434,439,434,436,482198,0
20061016,436,449,435,440,1583793,0
20061017,445,448,441,443,436210,0
20061018,448,448,443,445,289401,0
20061019,444,444,438,442,586864,0
20061020,443,443,440,441,315779,0
20061023,439,439,432,434,590221,0
20061024,440,445,438,441,778368,0
20061025,441,445,441,443,420434,0
20061026,445,446,441,443,517984,0
20061027,448,448,444,448,351231,0
20061030,449,456,448,452,351693,0
20061031,460,468,456,460,452273,0
20061101,462,466,459,460,225851,0
20061102,455,460,451,455,219831,0
20061103,459,459,452,456,146481,0
20061106,455,460,454,456,1129933,0
20061107,458,458,456,458,110907,0
20061108,458,459,451,456,567695,0
20061109,459,463,454,463,722810,0
20061110,457,463,456,456,725787,0
20061113,458,465,457,460,298567,0
20061114,460,480,456,480,285487,0
20061115,470,470,451,458,668332,0
20061116,456,469,454,460,233251,0
20061117,460,464,457,457,265441,0
20061120,443,443,425,425,459960,0
20061121,425,425,419,423,3560997,0
20061122,420,422,416,419,421171,0
20061123,419,422,416,419,366417,0
20061124,416,419,411,419,450398,0
20061127,419,450,416,443,595032,0
20061128,424,425,400,419,1312340,0
20061129,419,424,414,424,1028755,0
20061130,429,429,417,423,716827,0
20061201,423,423,416,416,408219,0
20061204,417,420,415,419,442654,0
20061205,423,430,421,424,573347,0
20061206,425,432,425,431,495564,0
20061207,431,431,424,426,777034,0
20061208,426,430,421,424,282842,0
20061211,426,430,424,429,307305,0
20061212,429,430,424,428,300594,0
20061213,427,428,425,427,226276,0
20061214,428,428,420,424,329559,0
20061215,425,425,418,418,530519,0
20061218,420,424,419,420,237840,0
20061219,420,420,417,419,339044,0
20061220,416,422,416,422,481020,0
20061221,418,421,418,420,581737,0
20061222,419,420,417,420,252495,0
20061225,420,420,420,420,0,0
20061226,420,420,420,420,0,0
20061227,503,503,415,425,48937,0
20061228,430,430,415,424,24382,0
20061229,424,424,417,420,231948,0
20070101,420,420,420,420,0,0
20070102,421,421,410,414,49281,0
20070103,420,420,410,410,369242,0
20070104,402,412,402,405,410254,0
20070105,402,415,396,400,598873,0
20070108,396,401,396,398,295617,0
20070109,402,412,402,405,272600,0
20070110,405,409,402,402,323217,0
20070111,403,406,400,403,489811,0
20070112,403,403,397,398,968903,0
20070115,400,407,399,406,2221910,0
20070116,406,415,403,412,1427223,0
20070117,412,415,409,412,986656,0
20070118,413,418,411,416,434012,0
20070119,417,417,411,417,599431,0
20070122,417,419,416,417,520939,0
20070123,418,423,418,422,756851,0
20070124,423,427,420,423,331624,0
20070125,425,426,421,421,267015,0
20070126,421,421,421,421,0,0
20070129,422,426,419,420,1170146,0
20070130,422,426,421,423,455772,0
20070131,425,427,422,422,434120,0
20070201,427,427,422,422,664702,0
20070202,423,427,420,424,525200,0
20070205,426,428,424,426,322386,0
20070206,425,429,422,429,285237,0
20070207,428,437,424,437,365861,0
20070208,437,437,429,430,294039,0
20070209,428,430,422,427,255055,0
20070212,423,430,423,424,226787,0
20070213,424,430,422,425,204798,0
20070214,423,430,423,428,140022,0
20070215,426,429,425,427,298588,0
20070216,429,429,422,425,493241,0
20070219,427,427,422,423,286011,0
20070220,424,425,422,422,238854,0
20070221,425,427,422,425,222412,0
20070222,423,426,421,422,214339,0
20070223,421,424,419,422,356591,0
20070226,422,425,418,419,295007,0
20070227,420,425,414,421,299311,0
20070228,416,419,411,414,360512,0
20070301,414,415,412,414,314353,0
20070302,413,414,408,409,300743,0
20070305,402,409,402,404,2984945,0
20070306,404,439,401,424,275496,0
20070307,425,425,416,420,410473,0
20070308,418,423,416,420,2108164,0
20070309,420,424,418,419,273338,0
20070312,418,422,416,420,423547,0
20070313,418,423,417,420,378163,0
20070314,415,420,412,416,388356,0
20070315,420,420,416,417,1088593,0
20070316,416,418,415,415,1806133,0
20070319,416,420,416,419,624458,0
20070320,419,419,414,418,449323,0
20070321,418,418,414,416,237649,0
20070322,417,420,416,420,364154,0
20070323,420,421,415,419,422323,0
20070326,420,424,414,424,166883,0
20070327,424,425,416,420,241615,0
20070328,424,424,414,414,329045,0
20070329,414,419,414,419,207106,0
20070330,420,423,405,419,1064989,0
20070402,424,428,422,423,1170468,0
20070403,422,426,419,426,1218161,0
20070404,428,434,426,434,532196,0
20070405,435,435,425,425,1148385,0
20070406,425,425,425,425,0,0
20070409,425,425,425,425,0,0
20070410,428,434,427,430,387094,0
20070411,429,432,426,426,224545,0
20070412,428,428,424,426,260413,0
20070413,425,428,422,424,254532,0
20070416,427,428,419,425,233124,0
20070417,426,427,422,422,317407,0
20070418,425,431,424,425,544416,0
20070419,421,424,411,416,445739,0
20070420,424,424,419,423,339243,0
20070423,425,425,416,422,156165,0
20070424,422,424,419,421,257492,0
20070425,421,421,421,421,0,0
20070426,424,425,421,425,314390,0
20070427,425,425,418,418,275324,0
20070430,420,427,419,427,292074,0
20070501,427,427,421,423,138622,0
20070502,425,430,421,430,285290,0
20070503,428,428,423,423,203497,0
20070504,423,426,420,420,243529,0
20070507,421,425,421,423,248309,0
20070508,423,425,418,419,306790,0
20070509,422,425,419,422,140801,0
20070510,422,426,422,423,617970,0
20070511,422,423,415,416,477060,0
20070514,416,421,415,419,466493,0
20070515,417,424,415,418,860153,0
20070516,421,421,416,418,478455,0
20070517,418,422,417,420,366093,0
20070518,422,426,420,420,333075,0
20070521,424,432,424,429,731674,0
20070522,429,433,427,430,519679,0
20070523,432,435,430,433,324346,0
20070524,435,435,426,427,391306,0
20070525,426,428,423,423,173527,0
20070528,426,430,423,425,222733,0
20070529,426,431,425,431,167600,0
20070530,431,431,422,422,192319,0
20070531,426,435,426,435,595416,0
20070601,438,449,438,447,877192,0
20070604,446,446,432,438,655034,0
20070605,435,442,433,442,317485,0
20070606,440,440,430,433,306923,0
20070607,428,433,424,430,409000,0
20070608,430,430,422,423,394554,0
20070611,423,423,423,423,0,0
20070612,427,429,423,425,355031,0
20070613,427,428,422,422,338122,0
20070614,429,430,423,426,413787,0
20070615,426,428,423,426,222364,0
20070618,427,429,421,423,341459,0
20070619,422,425,419,422,648850,0
20070620,422,423,418,419,582726,0
20070621,422,422,417,417,1174851,0
20070622,418,419,416,418,445508,0
20070625,416,420,416,416,388932,0
20070626,416,419,416,418,270106,0
20070627,416,419,415,415,341664,0
20070628,419,424,415,422,367166,0
20070629,421,423,416,420,499278,0
20070702,418,418,415,415,377623,0
20070703,418,421,418,421,229234,0
20070704,422,430,421,427,365718,0
20070705,430,431,426,429,428920,0
20070706,423,428,420,425,261265,0
20070709,422,425,416,422,438392,0
20070710,422,425,418,424,356389,0
20070711,422,423,418,418,256393,0
20070712,418,423,418,419,296666,0
20070713,425,426,420,420,391011,0
20070716,420,425,420,425,364398,0
20070717,427,430,423,428,642509,0
20070718,428,428,420,421,432219,0
20070719,419,422,415,417,632929,0
20070720,419,419,416,416,551434,0
20070723,418,418,413,417,825009,0
20070724,417,422,416,420,414706,0
20070725,420,420,414,417,315531,0
20070726,418,420,413,420,692867,0
20070727,413,420,411,411,831542,0
20070730,411,417,410,413,324598,0
20070731,419,419,414,416,442957,0
20070801,416,418,411,411,499703,0
20070802,415,416,410,416,371815,0
20070803,418,419,414,419,248429,0
20070806,415,418,412,412,214969,0
20070807,418,420,412,420,268792,0
20070808,420,423,419,422,527806,0
20070809,423,425,419,423,445212,0
20070810,418,424,417,423,583430,0
20070813,420,424,418,423,344862,0
20070814,422,424,417,418,314002,0
20070815,415,421,411,411,285926,0
20070816,413,415,395,415,835626,0
20070817,406,410,371,371,3262085,0
20070820,390,394,383,393,14161608,0
20070821,397,408,390,398,1169155,0
20070822,399,407,398,400,811459,0
20070823,403,408,401,405,2946438,0
20070824,408,408,395,395,2259989,0
20070827,398,406,387,388,2375740,0
20070828,393,393,387,391,1136271,0
20070829,386,386,376,376,3824608,0
20070830,380,381,371,373,2706894,0
20070831,380,381,370,372,2863769,0
20070903,375,379,372,377,8686325,0
20070904,375,384,370,374,3510785,0
20070905,375,375,370,373,2478268,0
20070906,373,373,367,370,1881159,0
20070907,371,383,371,378,2637259,0
20070910,375,376,371,374,1559063,0
20070911,374,380,373,374,2645576,0
20070912,375,376,370,372,4161089,0
20070913,373,374,367,370,5864124,0
20070914,370,374,369,373,3664396,0
20070917,374,378,371,375,2445137,0
20070918,376,377,371,371,2063443,0
20070919,376,378,371,372,2162496,0
20070920,376,376,370,372,3418027,0
20070921,372,374,371,373,933456,0
20070924,374,374,370,372,1451362,0
20070925,371,372,367,371,2558809,0
20070926,371,372,368,370,1060894,0
20070927,371,374,369,373,2259091,0
20070928,373,374,371,374,2155681,0
20071001,374,374,370,372,1112243,0
20071002,370,373,367,372,1848567,0
20071003,370,372,369,370,1813692,0
20071004,370,370,367,368,1283717,0
20071005,370,370,368,370,1232070,0
20071008,370,377,369,377,1122655,0
20071009,377,386,377,380,2080393,0
20071010,380,382,377,378,1572562,0
20071011,380,382,376,380,1848303,0
20071012,378,380,373,377,1698697,0
20071015,380,382,376,380,1234248,0
20071016,377,379,374,377,3492542,0
20071017,375,378,373,373,1629164,0
20071018,375,375,368,374,4024945,0
20071019,373,373,368,369,1964659,0
20071022,367,371,358,365,1849482,0
20071023,370,373,368,373,4397582,0
20071024,375,378,373,373,2694466,0
20071025,372,373,370,373,2996081,0
20071026,373,380,372,380,2106026,0
20071029,381,390,381,390,2361009,0
20071030,390,395,388,393,4212053,0
20071031,393,394,391,393,1948646,0
20071101,393,400,392,400,1324818,0
20071102,394,396,388,394,2006866,0
20071105,394,395,382,384,1291876,0
20071106,383,392,383,392,578445,0
20071107,392,395,388,392,737039,0
20071108,389,391,382,383,953586,0
20071109,383,383,374,379,1482027,0
20071112,374,378,370,371,974217,0
20071113,374,378,369,378,743359,0
20071114,380,383,375,379,778761,0
20071115,375,379,374,375,912834,0
20071116,374,377,371,374,520532,0
20071119,373,378,373,375,736595,0
20071120,373,373,367,368,1565557,0
20071121,369,372,364,368,984290,0
20071122,365,368,362,364,681218,0
20071123,364,368,363,365,435770,0
20071126,369,370,365,369,687482,0
20071127,369,369,355,361,1004923,0
20071128,361,364,354,356,837738,0
20071129,361,371,361,368,1167731,0
20071130,370,372,362,368,761252,0
20071203,368,368,357,362,4858957,0
20071204,363,365,359,365,5282475,0
20071205,364,364,354,355,1115005,0
20071206,358,363,356,363,736420,0
20071207,367,367,361,363,615152,0
20071210,363,366,361,363,506673,0
20071211,367,368,361,368,585370,0
20071212,364,365,360,360,353609,0
20071213,364,365,360,365,349382,0
20071214,365,365,358,358,654154,0
20071217,358.0,362.0,355.0,355.0,1175000
20071218,354.0,358.0,339.0,348.0,5132200
20071219,352.0,357.0,344.0,355.0,1491400
20071220,358.0,360.0,351.0,351.0,2825500
20071221,352.0,357.0,345.0,357.0,1245900
20071224,356.0,365.0,353.0,365.0,372100
20071227,360.0,364.0,358.0,364.0,355900
20071228,357.0,362.0,357.0,362.0,168200
20071231,360.0,363.0,351.0,363.0,178400
20080102,360.0,364.0,359.0,364.0,256900
20080103,364.0,364.0,352.0,357.0,489200
20080104,357.0,361.0,355.0,360.0,509300
20080107,357.0,357.0,351.0,354.0,1196200
20080108,352.0,354.0,340.0,341.0,528300
20080109,338.0,358.0,337.0,348.0,1271200
20080110,349.0,354.0,339.0,343.0,444600
20080111,342.0,344.0,330.0,330.0,961400
20080114,328.0,337.0,321.0,334.0,1277800
20080115,337.0,340.0,322.0,329.0,597900
20080116,326.0,337.0,324.0,334.0,981100
20080117,342.0,342.0,332.0,341.0,843100
20080118,336.0,338.0,331.0,335.0,767600
20080121,337.0,337.0,331.0,332.0,679200
20080122,325.0,328.0,313.0,313.0,2056000
20080123,316.0,324.0,316.0,323.0,1539000
20080124,325.0,327.0,321.0,326.0,844300
20080125,325.0,336.0,320.0,336.0,1177200
20080129,333.0,338.0,326.0,326.0,2116400
20080130,328.0,336.0,328.0,331.0,786700
20080131,330.0,332.0,325.0,332.0,1300000
20080201,330.0,334.0,328.0,334.0,490200
20080204,335.0,343.0,330.0,334.0,842100
20080205,335.0,338.0,328.0,335.0,610700
20080206,334.0,334.0,325.0,332.0,516800
20080207,326.0,329.0,321.0,325.0,451500
20080208,324.0,331.0,321.0,325.0,655700
20080211,322.0,326.0,316.0,317.0,332000
20080212,320.0,322.0,313.0,318.0,462600
20080213,315.0,318.0,310.0,312.0,479500
20080214,315.0,330.0,312.0,327.0,668300
20080215,330.0,330.0,314.0,318.0,978800
20080218,321.0,330.0,321.0,330.0,722100
20080219,332.0,333.0,321.0,332.0,477600
20080220,330.0,330.0,316.0,321.0,499100
20080221,328.0,328.0,316.0,318.0,851600
20080222,319.0,320.0,312.0,313.0,531600
20080225,320.0,320.0,307.0,311.0,512500
20080226,320.0,324.0,314.0,316.0,878000
20080227,320.0,320.0,315.0,317.0,534000
20080228,318.0,320.0,315.0,316.0,1002200
20080229,318.0,320.0,315.0,320.0,581600
20080303,306.0,307.0,290.0,300.0,551000
20080304,300.0,303.0,295.0,302.0,1711500
20080305,300.0,301.0,283.0,290.0,1183300
20080306,290.0,300.0,290.0,297.0,900300
20080307,297.0,298.0,286.0,287.0,713800
20080310,282.0,286.0,274.0,277.0,898900
20080311,274.0,285.0,271.0,276.0,787700
20080312,286.0,300.0,282.0,296.0,1513000
20080313,290.0,299.0,288.0,290.0,938000
20080314,293.0,299.0,287.0,287.0,1136800
20080318,278.0,295.0,275.0,280.0,1617700
20080319,284.0,288.0,275.0,279.0,802500
20080320,276.0,279.0,265.0,265.0,4149900
20080325,270.0,279.0,266.0,267.0,1978400
20080326,266.0,271.0,260.0,261.0,1599800
20080327,267.0,277.0,263.0,276.0,765600
20080328,278.0,278.0,274.0,278.0,684800
20080331,278.0,285.0,276.0,285.0,498400
20080401,285.0,287.0,278.0,284.0,840800
20080402,288.0,290.0,283.0,290.0,883900
20080403,290.0,297.0,288.0,295.0,1123500
20080404,297.0,301.0,291.0,297.0,1086700
20080407,299.0,301.0,292.0,296.0,619900
20080408,300.0,300.0,285.0,291.0,878400
20080409,295.0,297.0,291.0,296.0,561300
20080410,296.0,297.0,285.0,288.0,1014400
20080411,292.0,294.0,287.0,288.0,503500
20080414,287.0,290.0,280.0,284.0,657100
20080415,285.0,296.0,285.0,293.0,1643300
20080416,295.0,298.0,292.0,297.0,410100
20080417,302.0,302.0,293.0,297.0,443200
20080418,300.0,300.0,293.0,293.0,397600
20080421,299.0,300.0,294.0,300.0,662300
20080422,300.0,300.0,293.0,293.0,423200
20080423,299.0,304.0,295.0,304.0,974400
20080424,301.0,302.0,295.0,298.0,762700
20080428,304.0,308.0,299.0,305.0,1072900
20080429,301.0,345.0,301.0,345.0,1407300
20080430,338.0,340.0,322.0,327.0,605500
20080501,316.0,324.0,316.0,324.0,377500
20080502,324.0,327.0,319.0,326.0,1582500
20080505,329.0,333.0,323.0,326.0,1385600
20080506,329.0,330.0,325.0,326.0,901800
20080507,330.0,335.0,325.0,330.0,2198400
20080508,327.0,343.0,326.0,340.0,2884700
20080509,350.0,355.0,333.0,335.0,1564800
20080512,345.0,349.0,335.0,340.0,1040700
20080513,345.0,345.0,325.0,328.0,1192800
20080514,340.0,340.0,305.0,306.0,1321400
20080515,308.0,315.0,307.0,314.0,935200
20080516,314.0,318.0,311.0,314.0,762700
20080519,314.0,319.0,311.0,314.0,520000
20080520,318.0,318.0,312.0,317.0,1218900
20080521,322.0,323.0,314.0,318.0,1130900
20080522,318.0,335.0,315.0,332.0,1004300
20080523,330.0,332.0,320.0,327.0,1181600
20080526,320.0,324.0,312.0,312.0,670200
20080527,312.0,319.0,299.0,301.0,1798600
20080528,305.0,305.0,295.0,300.0,1660600
20080529,309.0,309.0,282.0,293.0,1980400
20080530,291.0,295.0,284.0,288.0,1758100
20080602,293.0,296.0,286.0,293.0,999000
20080603,298.0,302.0,295.0,299.0,1815200
20080604,296.0,302.0,290.0,295.0,2239900
20080605,298.0,302.0,295.0,295.0,1107700
20080606,300.0,307.0,295.0,307.0,908100
20080610,296.0,302.0,292.0,302.0,2041700
20080611,302.0,304.0,294.0,304.0,1127600
20080612,292.0,300.0,289.0,294.0,1377500
20080613,295.0,296.0,285.0,296.0,1640500
20080616,294.0,295.0,289.0,295.0,839400
20080617,299.0,310.0,296.0,310.0,1414600
20080618,306.0,313.0,298.0,308.0,1638000
20080619,305.0,308.0,292.0,299.0,1919700
20080620,296.0,307.0,290.0,301.0,2083700
20080623,282.0,299.0,282.0,290.0,963700
20080624,286.0,286.0,273.0,277.0,780800
20080625,272.0,280.0,265.0,277.0,898100
20080626,277.0,291.0,268.0,269.0,1295800
20080627,270.0,279.0,262.0,277.0,894400
20080630,275.0,275.0,261.0,261.0,1848300
20080701,264.0,283.0,264.0,275.0,738400
20080702,275.0,278.0,264.0,277.0,668900
20080703,263.0,276.0,262.0,272.0,697500
20080704,269.0,275.0,267.0,275.0,475500
20080707,274.0,274.0,267.0,273.0,566200
20080708,278.0,278.0,270.0,274.0,532400
20080709,275.0,279.0,271.0,278.0,583600
20080710,278.0,281.0,273.0,280.0,457800
20080711,276.0,277.0,266.0,276.0,342100
20080714,271.0,274.0,268.0,272.0,318400
20080715,270.0,276.0,267.0,276.0,379300
20080716,280.0,280.0,270.0,280.0,861500
20080717,285.0,285.0,276.0,280.0,477800
20080718,280.0,282.0,275.0,279.0,328300
20080721,280.0,293.0,276.0,281.0,875700
20080722,282.0,292.0,278.0,286.0,489900
20080723,293.0,308.0,287.0,298.0,962300
20080724,305.0,305.0,294.0,294.0,473900
20080725,296.0,303.0,293.0,298.0,544000
20080728,299.0,301.0,295.0,300.0,486500
20080729,295.0,300.0,285.0,290.0,378600
20080730,289.0,303.0,288.0,296.0,589200
20080731,295.0,302.0,290.0,299.0,548600
20080801,300.0,300.0,291.0,293.0,363600
20080804,300.0,303.0,293.0,295.0,629600
20080805,296.0,299.0,282.0,296.0,677000
20080806,300.0,310.0,296.0,310.0,771700
20080807,320.0,323.0,310.0,318.0,4830300
20080808,316.0,319.0,310.0,319.0,828300
20080811,321.0,323.0,312.0,323.0,645400
20080812,323.0,330.0,320.0,330.0,593500
20080813,330.0,334.0,321.0,327.0,361700
20080814,329.0,329.0,315.0,322.0,957000
20080815,322.0,328.0,318.0,328.0,1511400
20080818,324.0,339.0,320.0,339.0,761300
20080819,337.0,337.0,312.0,312.0,388600
20080820,320.0,333.0,313.0,333.0,425900
20080821,317.0,322.0,315.0,319.0,626900
20080822,325.0,336.0,316.0,330.0,1054000
20080825,333.0,337.0,325.0,330.0,678600
20080826,325.0,340.0,320.0,340.0,935900
20080827,340.0,347.0,336.0,345.0,656600
20080828,347.0,364.0,344.0,364.0,1082800
20080829,369.0,369.0,356.0,364.0,842600
20080901,360.0,365.0,357.0,361.0,407800
20080902,364.0,373.0,361.0,364.0,661300
20080903,369.0,372.0,361.0,364.0,1046700
20080904,357.0,365.0,351.0,360.0,790900
20080905,342.0,359.0,336.0,359.0,901000
20080908,358.0,363.0,354.0,363.0,881900
20080909,365.0,365.0,355.0,359.0,1344800
20080910,359.0,365.0,342.0,347.0,1432600
20080911,345.0,354.0,340.0,352.0,692200
20080912,341.0,348.0,338.0,346.0,608800
20080915,341.0,343.0,333.0,340.0,754900
20080916,336.0,343.0,330.0,334.0,1550300
20080917,333.0,344.0,332.0,341.0,2041500
20080918,322.0,340.0,315.0,322.0,2842000
20080919,322.0,330.0,318.0,325.0,2169600
20080922,335.0,335.0,312.0,320.0,1089400
20080923,313.0,315.0,305.0,307.0,1104200
20080924,315.0,317.0,307.0,313.0,739900
20080925,316.0,318.0,310.0,318.0,631200
20080926,315.0,318.0,308.0,315.0,456600
20080929,320.0,323.0,313.0,317.0,484100
20080930,306.0,320.0,300.0,305.0,870900
20081001,320.0,324.0,312.0,319.0,649800
20081002,314.0,330.0,313.0,330.0,633000
20081003,330.0,332.0,324.0,330.0,652400
20081006,325.0,330.0,316.0,320.0,812300
20081007,310.0,334.0,310.0,332.0,729700
20081008,328.0,330.0,317.0,322.0,877700
20081009,312.0,341.0,312.0,330.0,880100
20081010,312.0,318.0,291.0,293.0,1016800
20081013,295.0,313.0,285.0,303.0,748500
20081014,313.0,329.0,312.0,324.0,521700
20081015,324.0,330.0,315.0,324.0,999100
20081016,312.0,318.0,305.0,310.0,1259400
20081017,312.0,319.0,308.0,315.0,723100
20081020,303.0,312.0,300.0,310.0,931900
20081021,318.0,318.0,313.0,318.0,437100
20081022,315.0,319.0,310.0,310.0,498600
20081023,303.0,315.0,301.0,303.0,641400
20081024,307.0,307.0,281.0,283.0,419000
20081027,282.0,286.0,273.0,278.0,727700
20081028,275.0,275.0,268.0,269.0,600600
20081029,280.0,281.0,260.0,265.0,904400
20081030,276.0,295.0,269.0,285.0,1035900
20081031,287.0,297.0,277.0,293.0,730500
20081103,295.0,312.0,291.0,312.0,505600
20081104,300.0,309.0,295.0,302.0,279500
20081105,310.0,320.0,306.0,316.0,557700
20081106,313.0,313.0,300.0,302.0,474700
20081107,306.0,315.0,301.0,315.0,389600
20081110,319.0,339.0,309.0,324.0,403800
20081111,310.0,318.0,304.0,305.0,326100
20081112,304.0,309.0,303.0,303.0,256400
20081113,300.0,306.0,300.0,303.0,420000
20081114,303.0,315.0,303.0,310.0,456900
20081117,303.0,309.0,300.0,300.0,488600
20081118,297.0,303.0,290.0,291.0,526100
20081119,299.0,304.0,285.0,295.0,963000
20081120,281.0,299.0,281.0,290.0,1358700
20081121,278.0,286.0,265.0,286.0,1266700
20081124,290.0,290.0,265.0,265.0,750400
20081125,266.0,274.0,264.0,264.0,1165500
20081126,266.0,268.0,243.00000000000003,245.00000000000003,1378700
20081127,246.0,264.0,246.0,260.0,770300
20081128,260.0,288.0,260.0,270.0,963200
20081201,265.0,281.0,261.0,275.0,544900
20081202,270.0,274.0,263.0,264.0,760200
20081203,266.0,267.0,252.0,254.99999999999997,396800
20081204,258.0,261.0,245.00000000000003,252.0,726700
20081205,252.99999999999997,252.99999999999997,248.0,248.0,413500
20081208,254.99999999999997,272.0,252.0,264.0,617300
20081209,270.0,272.0,254.99999999999997,260.0,635900
20081210,258.0,272.0,256.0,267.0,759200
20081211,270.0,270.0,250.99999999999997,265.0,903400
20081212,267.0,268.0,250.99999999999997,252.99999999999997,942400
20081215,256.0,281.0,256.0,270.0,992800
20081216,270.0,284.0,270.0,278.0,1133400
20081217,287.0,294.0,280.0,280.0,1074800
20081218,281.0,287.0,281.0,281.0,3640000
20081219,282.0,299.0,275.0,291.0,921100
20081222,286.0,296.0,271.0,278.0,295900
20081223,276.0,290.0,276.0,288.0,360100
20081224,290.0,301.0,289.0,301.0,192800
20081229,303.0,310.0,295.0,300.0,297700
20081230,305.0,305.0,294.0,296.0,179400
20081231,293.0,301.0,293.0,300.0,173200
20090102,299.0,300.0,293.0,298.0,390000
20090105,299.0,303.0,298.0,299.0,563000
20090106,299.0,304.0,299.0,300.0,781200
20090107,302.0,305.0,298.0,302.0,574000
20090108,301.0,309.0,299.0,306.0,372000
20090109,306.0,308.0,299.0,306.0,476500
20090112,305.0,306.0,299.0,301.0,362300
20090113,303.0,309.0,301.0,307.0,307100
20090114,304.0,312.0,302.0,312.0,339900
20090115,302.0,312.0,301.0,306.0,528800
20090116,306.0,314.0,306.0,316.0,436300
20090119,317.0,318.0,314.0,314.0,344700
20090120,314.0,314.0,301.0,303.0,323600
20090121,306.0,311.0,300.0,304.0,1356000
20090122,315.0,315.0,300.0,305.0,475900
20090123,301.0,305.0,296.0,298.0,835700
20090127,299.0,307.0,296.0,305.0,514600
20090128,301.0,303.0,298.0,300.0,492800
20090129,303.0,306.0,300.0,300.0,643300
20090130,297.0,304.0,292.0,302.0,572100
20090202,294.0,301.0,290.0,295.0,200600
20090203,301.0,320.0,292.0,292.0,1239700
20090204,293.0,305.0,292.0,295.0,486000
20090205,293.0,299.0,291.0,294.0,488300
20090206,297.0,297.0,282.0,288.0,3077900
20090209,290.0,299.0,289.0,290.0,670400
20090210,285.0,297.0,285.0,297.0,287000
20090211,293.0,295.0,290.0,295.0,322700
20090212,290.0,315.0,290.0,302.0,571200
20090213,299.0,301.0,291.0,297.0,778900
20090216,297.0,299.0,294.0,295.0,297000
20090217,296.0,298.0,292.0,295.0,428100
20090218,292.0,292.0,285.0,287.0,519200
20090219,286.0,291.0,285.0,289.0,428200
20090220,288.0,288.0,285.0,285.0,831800
20090223,286.0,286.0,273.0,280.0,527100
20090224,279.0,285.0,275.0,284.0,510600
20090225,287.0,291.0,278.0,285.0,794400
20090226,288.0,296.0,281.0,282.0,1139100
20090227,283.0,287.0,279.0,279.0,763100
20090302,263.0,263.0,254.99999999999997,258.0,1062100
20090303,257.0,266.0,250.0,263.0,767300
20090304,256.0,268.0,252.0,263.0,1141800
20090305,262.0,268.0,261.0,266.0,614100
20090306,263.0,267.0,258.0,264.0,1227100
20090309,269.0,269.0,262.0,264.0,1233200
20090310,264.0,264.0,252.0,257.0,979000
20090311,260.0,260.0,254.99999999999997,258.0,656000
20090312,257.0,258.0,254.0,254.99999999999997,661000
20090313,256.0,272.0,256.0,272.0,1060000
20090316,275.0,275.0,258.0,260.0,1464000
20090317,262.0,272.0,260.0,270.0,1321700
20090318,275.0,279.0,270.0,270.0,1149000
20090319,263.0,269.0,259.0,263.0,3515200
20090320,265.0,274.0,264.0,272.0,1718500
20090323,269.0,275.0,265.0,270.0,1250300
20090324,275.0,278.0,268.0,268.0,633400
20090325,270.0,280.0,268.0,279.0,572700
20090326,278.0,283.0,277.0,277.0,860700
20090327,277.0,288.0,277.0,284.0,1062400
20090330,285.0,293.0,282.0,293.0,448200
20090331,292.0,305.0,288.0,294.0,1102500
20090401,291.0,294.0,282.0,284.0,428700
20090402,284.0,286.0,273.0,274.0,1312300
20090403,275.0,279.0,261.0,261.0,1753400
20090406,270.0,272.0,266.0,270.0,1099600
20090407,271.0,280.0,270.0,279.0,1993800
20090408,279.0,280.0,274.0,278.0,738400
20090409,282.0,283.0,279.0,281.0,460100
20090414,281.0,285.0,272.0,272.0,1305700
20090415,271.0,275.0,266.0,267.0,986900
20090416,267.0,268.0,263.0,265.0,1049400
20090417,268.0,277.0,265.0,272.0,682600
20090420,273.0,276.0,270.0,275.0,493300
20090421,271.0,276.0,264.0,275.0,488300
20090422,275.0,276.0,269.0,271.0,387200
20090423,273.0,282.0,269.0,280.0,744900
20090424,277.0,282.0,273.0,277.0,545700
20090427,283.0,285.0,278.0,283.0,362900
20090428,283.0,286.0,281.0,285.0,620500
20090429,287.0,299.0,284.0,287.0,903400
20090430,295.0,299.0,291.0,296.0,851600
20090501,290.0,298.0,290.0,296.0,405900
20090504,295.0,304.0,291.0,300.0,953800
20090505,300.0,300.0,292.0,296.0,736900
20090506,299.0,300.0,294.0,297.0,672600
20090507,298.0,300.0,282.0,282.0,1459800
20090508,280.0,289.0,280.0,286.0,800600
20090511,286.0,294.0,285.0,293.0,497000
20090512,295.0,295.0,286.0,290.0,468800
20090513,290.0,295.0,286.0,290.0,400700
20090514,286.0,289.0,278.0,284.0,824100
20090515,286.0,289.0,278.0,280.0,609600
20090518,280.0,282.0,278.0,279.0,357400
20090519,280.0,286.0,275.0,285.0,702600
20090520,288.0,288.0,279.0,280.0,766100
20090521,280.0,287.0,279.0,285.0,677600
20090522,285.0,290.0,282.0,287.0,1163100
20090525,288.0,295.0,285.0,286.0,888400
20090526,288.0,289.0,282.0,288.0,447700
20090527,286.0,294.0,286.0,289.0,445600
20090528,286.0,287.0,282.0,282.0,826300
20090529,281.0,282.0,275.0,275.0,701900
20090601,275.0,279.0,268.0,268.0,1130500
20090602,271.0,276.0,270.0,275.0,997200
20090603,279.0,282.0,276.0,282.0,990000
20090604,283.0,284.0,282.0,282.0,792600
20090605,284.0,286.0,277.0,278.0,1037200
20090609,278.0,280.0,268.0,270.0,1159000
20090610,270.0,273.0,269.0,270.0,1931500
20090611,271.0,281.0,270.0,281.0,1008400
20090612,282.0,283.0,276.0,282.0,566700
20090615,281.0,284.0,279.0,280.0,1390700
20090616,276.0,281.0,276.0,280.0,610100
20090617,282.0,289.0,280.0,285.0,1100900
20090618,285.0,288.0,276.0,281.0,2101300
20090619,284.0,292.0,280.0,291.0,1163700
20090622,291.0,297.0,288.0,297.0,945800
20090623,293.0,295.0,281.0,285.0,1542900
20090624,272.0,273.0,268.0,271.0,899900
20090625,270.0,271.0,264.0,265.0,1060000
20090626,269.0,273.0,265.0,265.0,823600
20090629,263.0,269.0,262.0,262.0,1265300
20090630,268.0,275.0,267.0,275.0,1447900
20090701,269.0,273.0,265.0,268.0,1198500
20090702,269.0,270.0,265.0,265.0,886200
20090703,265.0,265.0,261.0,262.0,595700
20090706,261.0,264.0,260.0,262.0,569100
20090707,263.0,267.0,262.0,265.0,397700
20090708,264.0,266.0,261.0,264.0,888900
20090709,263.0,264.0,261.0,262.0,567800
20090710,261.0,268.0,261.0,267.0,404300
20090713,268.0,268.0,265.0,265.0,473600
20090714,269.0,277.0,267.0,277.0,771400
20090715,278.0,281.0,275.0,280.0,667100
20090716,285.0,285.0,279.0,284.0,1541100
20090717,283.0,285.0,282.0,283.0,533700
20090720,283.0,285.0,278.0,284.0,835300
20090721,280.0,284.0,279.0,283.0,746800
20090722,284.0,284.0,278.0,278.0,586200
20090723,278.0,281.0,275.0,278.0,1516500
20090724,280.0,282.0,276.0,279.0,1376000
20090727,282.0,286.0,281.0,285.0,2028200
20090728,286.0,288.0,283.0,285.0,2135900
20090729,282.0,292.0,282.0,291.0,1519300
20090730,292.0,292.0,286.0,288.0,472700
20090731,289.0,292.0,280.0,282.0,1287500
20090803,282.0,286.0,275.0,276.0,969400
20090804,279.0,280.0,266.0,267.0,1590700
20090805,267.0,274.0,267.0,268.0,1013300
20090806,268.0,269.0,263.0,264.0,1293500
20090807,266.0,272.0,265.0,269.0,1331800
20090810,272.0,273.0,269.0,272.0,700800
20090811,273.0,273.0,266.0,269.0,1111500
20090812,268.0,270.0,266.0,267.0,450800
20090813,267.0,275.0,267.0,275.0,1412000
20090814,277.0,285.0,274.0,283.0,1727400
20090817,283.0,285.0,280.0,280.0,691900
20090818,280.0,282.0,273.0,275.0,948800
20090819,277.0,278.0,271.0,272.0,783600
20090820,274.0,275.0,268.0,271.0,932400
20090821,271.0,273.0,268.0,269.0,613100
20090824,273.0,273.0,267.0,271.0,694300
20090825,274.0,289.0,272.0,287.0,2654200
20090826,292.0,304.0,292.0,303.0,2156600
20090827,302.0,303.0,294.0,296.0,1266600
20090828,296.0,297.0,288.0,293.0,1331600
20090831,292.0,295.0,292.0,294.0,1106600
20090901,294.0,295.0,289.0,289.0,942100
20090902,289.0,294.0,289.0,290.0,1342400
20090903,290.0,298.0,290.0,297.0,2012800
20090904,299.0,300.0,291.0,291.0,1188100
